재무제표종류,종목코드,회사명,시장구분,업종,업종명,결산월,결산기준일,보고서종류,통화,항목코드,항목명,당기,전기,전전기
"현금흐름표, 간접법 - 연결재무제표",[104620],노랑풍선,코스닥시장상장법인,752,여행사 및 기타 여행보조 서비스업,12,2020-12-31,사업보고서,KRW,ifrs-full_CashFlowsFromUsedInOperatingActivities,영업활동 현금흐름,"-22,148,131,691","6,411,000,010","1,995,928,470"
"현금흐름표, 간접법 - 연결재무제표",[104620],노랑풍선,코스닥시장상장법인,752,여행사 및 기타 여행보조 서비스업,12,2020-12-31,사업보고서,KRW,entity00632845_udf_CF_201932617201647_CashFlowsFromUsedInOperatingActivities,영업으로부터 창출된 현금흐름,"-21,974,342,128","6,013,243,840","4,656,588,444"
"현금흐름표, 간접법 - 연결재무제표",[104620],노랑풍선,코스닥시장상장법인,752,여행사 및 기타 여행보조 서비스업,12,2020-12-31,사업보고서,KRW,entity00632845_udf_CF_201932617591885_udf_CF_201932617201647_CashFlowsFromUsedInOperatingActivities,당기순이익(손실),"-5,901,271,545","-1,655,832,934","4,486,045,974"
"현금흐름표, 간접법 - 연결재무제표",[104620],노랑풍선,코스닥시장상장법인,752,여행사 및 기타 여행보조 서비스업,12,2020-12-31,사업보고서,KRW,entity00632845_udf_CF_2019326175932998_udf_CF_201932617201647_CashFlowsFromUsedInOperatingActivities,수익ㆍ비용의 조정,"5,144,425,583","3,393,898,923","1,695,488,761"
"현금흐름표, 간접법 - 연결재무제표",[104620],노랑풍선,코스닥시장상장법인,752,여행사 및 기타 여행보조 서비스업,12,2020-12-31,사업보고서,KRW,entity00632845_udf_CF_201932618118845_udf_CF_201932617201647_CashFlowsFromUsedInOperatingActivities,영업활동으로 인한 자산ㆍ부채의변동,"-21,217,496,166","4,275,177,851","-1,524,946,291"
"현금흐름표, 간접법 - 연결재무제표",[104620],노랑풍선,코스닥시장상장법인,752,여행사 및 기타 여행보조 서비스업,12,2020-12-31,사업보고서,KRW,ifrs-full_InterestReceivedClassifiedAsOperatingActivities,이자의 수취,"533,747,760","587,000,597","326,546,564"
"현금흐름표, 간접법 - 연결재무제표",[104620],노랑풍선,코스닥시장상장법인,752,여행사 및 기타 여행보조 서비스업,12,2020-12-31,사업보고서,KRW,ifrs-full_IncomeTaxesPaidRefundClassifiedAsOperatingActivities,법인세의 납부,"707,537,323","189,244,427","2,987,206,538"
"현금흐름표, 간접법 - 연결재무제표",[104620],노랑풍선,코스닥시장상장법인,752,여행사 및 기타 여행보조 서비스업,12,2020-12-31,사업보고서,KRW,ifrs-full_CashFlowsFromUsedInInvestingActivities,투자활동 현금흐름,"922,972,124","-18,830,401,098","-3,225,551,087"
"현금흐름표, 간접법 - 연결재무제표",[104620],노랑풍선,코스닥시장상장법인,752,여행사 및 기타 여행보조 서비스업,12,2020-12-31,사업보고서,KRW,entity00632845_udf_CF_201932618228372_CashFlowsFromUsedInInvestingActivities,투자활동으로인한 현금유입액,"29,497,386,000","11,147,815,486","19,256,364"
"현금흐름표, 간접법 - 연결재무제표",[104620],노랑풍선,코스닥시장상장법인,752,여행사 및 기타 여행보조 서비스업,12,2020-12-31,사업보고서,KRW,entity00632845_udf_CF_2019326182474_udf_CF_201932618228372_CashFlowsFromUsedInInvestingActivities,단기대여금의 감소,,"30,000,000",
"현금흐름표, 간접법 - 연결재무제표",[104620],노랑풍선,코스닥시장상장법인,752,여행사 및 기타 여행보조 서비스업,12,2020-12-31,사업보고서,KRW,entity00632845_udf_CF_2020810151555564_udf_CF_201932618228372_CashFlowsFromUsedInInvestingActivities,금융자산의 감소,"29,000,000,000","11,110,815,486",
"현금흐름표, 간접법 - 연결재무제표",[104620],노랑풍선,코스닥시장상장법인,752,여행사 및 기타 여행보조 서비스업,12,2020-12-31,사업보고서,KRW,entity00632845_udf_CF_20198717929992_udf_CF_201932618228372_CashFlowsFromUsedInInvestingActivities,유형자산의 처분,"497,386,000","7,000,000","146,364"
"현금흐름표, 간접법 - 연결재무제표",[104620],노랑풍선,코스닥시장상장법인,752,여행사 및 기타 여행보조 서비스업,12,2020-12-31,사업보고서,KRW,entity00632845_udf_CF_2021311142823654_udf_CF_201932618228372_CashFlowsFromUsedInInvestingActivities,정부보조금의 증가,,,"19,110,000"
"현금흐름표, 간접법 - 연결재무제표",[104620],노랑풍선,코스닥시장상장법인,752,여행사 및 기타 여행보조 서비스업,12,2020-12-31,사업보고서,KRW,entity00632845_udf_CF_201932618155795_CashFlowsFromUsedInInvestingActivities,투자활동으로인한 현금유출액,"28,574,413,876","29,978,216,584","3,244,807,451"
"현금흐름표, 간접법 - 연결재무제표",[104620],노랑풍선,코스닥시장상장법인,752,여행사 및 기타 여행보조 서비스업,12,2020-12-31,사업보고서,KRW,entity00632845_udf_CF_2021311133753682_udf_CF_201932618155795_CashFlowsFromUsedInInvestingActivities,단기대여금의 증가,,"391,244,825",
"현금흐름표, 간접법 - 연결재무제표",[104620],노랑풍선,코스닥시장상장법인,752,여행사 및 기타 여행보조 서비스업,12,2020-12-31,사업보고서,KRW,entity00632845_udf_CF_2019326181637566_udf_CF_201932618155795_CashFlowsFromUsedInInvestingActivities,금융자산의 증가,"26,124,008,876","25,961,247,843","522,318,826"
"현금흐름표, 간접법 - 연결재무제표",[104620],노랑풍선,코스닥시장상장법인,752,여행사 및 기타 여행보조 서비스업,12,2020-12-31,사업보고서,KRW,entity00632845_udf_CF_2019326181652181_udf_CF_201932618155795_CashFlowsFromUsedInInvestingActivities,유형자산의 취득,"1,000,405,000","509,189,544","568,731,373"
"현금흐름표, 간접법 - 연결재무제표",[104620],노랑풍선,코스닥시장상장법인,752,여행사 및 기타 여행보조 서비스업,12,2020-12-31,사업보고서,KRW,entity00632845_udf_CF_2019326181841468_udf_CF_201932618155795_CashFlowsFromUsedInInvestingActivities,무형자산의 취득,"1,450,000,000","3,116,534,372","1,978,386,789"
"현금흐름표, 간접법 - 연결재무제표",[104620],노랑풍선,코스닥시장상장법인,752,여행사 및 기타 여행보조 서비스업,12,2020-12-31,사업보고서,KRW,entity00632845_udf_CF_2021311142850865_udf_CF_201932618155795_CashFlowsFromUsedInInvestingActivities,관계기업투자주식의 취득,,,"30,181,200"
"현금흐름표, 간접법 - 연결재무제표",[104620],노랑풍선,코스닥시장상장법인,752,여행사 및 기타 여행보조 서비스업,12,2020-12-31,사업보고서,KRW,entity00632845_udf_CF_202131114297938_udf_CF_201932618155795_CashFlowsFromUsedInInvestingActivities,종속기업투자주식의 취득,,,"145,189,263"
"현금흐름표, 간접법 - 연결재무제표",[104620],노랑풍선,코스닥시장상장법인,752,여행사 및 기타 여행보조 서비스업,12,2020-12-31,사업보고서,KRW,ifrs-full_CashFlowsFromUsedInFinancingActivities,재무활동 현금흐름,"9,389,485,354","13,728,227,163","-3,124,200,817"
"현금흐름표, 간접법 - 연결재무제표",[104620],노랑풍선,코스닥시장상장법인,752,여행사 및 기타 여행보조 서비스업,12,2020-12-31,사업보고서,KRW,entity00632845_udf_CF_201932618269972_CashFlowsFromUsedInFinancingActivities,재무활동으로인한 현금유입액,"11,070,000,000","20,079,347,000","18,317,212,393"
"현금흐름표, 간접법 - 연결재무제표",[104620],노랑풍선,코스닥시장상장법인,752,여행사 및 기타 여행보조 서비스업,12,2020-12-31,사업보고서,KRW,entity00632845_udf_CF_201932618262221_udf_CF_201932618269972_CashFlowsFromUsedInFinancingActivities,자기주식의 처분,,"5,154,825,001",
"현금흐름표, 간접법 - 연결재무제표",[104620],노랑풍선,코스닥시장상장법인,752,여행사 및 기타 여행보조 서비스업,12,2020-12-31,사업보고서,KRW,entity00632845_udf_CF_2019510151850864_udf_CF_201932618269972_CashFlowsFromUsedInFinancingActivities,유상증자,,"14,924,521,999",
"현금흐름표, 간접법 - 연결재무제표",[104620],노랑풍선,코스닥시장상장법인,752,여행사 및 기타 여행보조 서비스업,12,2020-12-31,사업보고서,KRW,entity00632845_udf_CF_2020810151721883_udf_CF_201932618269972_CashFlowsFromUsedInFinancingActivities,단기차입금의 증가,"11,000,000,000",,"18,317,212,393"
"현금흐름표, 간접법 - 연결재무제표",[104620],노랑풍선,코스닥시장상장법인,752,여행사 및 기타 여행보조 서비스업,12,2020-12-31,사업보고서,KRW,entity00632845_udf_CF_202081015175626_udf_CF_201932618269972_CashFlowsFromUsedInFinancingActivities,장기차입금의 증가,"70,000,000",,
"현금흐름표, 간접법 - 연결재무제표",[104620],노랑풍선,코스닥시장상장법인,752,여행사 및 기타 여행보조 서비스업,12,2020-12-31,사업보고서,KRW,entity00632845_udf_CF_2019326183015689_CashFlowsFromUsedInFinancingActivities,재무활동으로인한 현금유출액,"1,680,514,646","6,351,119,837","21,441,413,210"
"현금흐름표, 간접법 - 연결재무제표",[104620],노랑풍선,코스닥시장상장법인,752,여행사 및 기타 여행보조 서비스업,12,2020-12-31,사업보고서,KRW,entity00632845_udf_CF_2019326183050168_udf_CF_2019326183015689_CashFlowsFromUsedInFinancingActivities,단기차입금의 상환,,"4,216,800,000","424,412,393"
"현금흐름표, 간접법 - 연결재무제표",[104620],노랑풍선,코스닥시장상장법인,752,여행사 및 기타 여행보조 서비스업,12,2020-12-31,사업보고서,KRW,entity00632845_udf_CF_2021311142939578_udf_CF_2019326183015689_CashFlowsFromUsedInFinancingActivities,유동성장기부채의 상환,,,"19,833,333,350"
"현금흐름표, 간접법 - 연결재무제표",[104620],노랑풍선,코스닥시장상장법인,752,여행사 및 기타 여행보조 서비스업,12,2020-12-31,사업보고서,KRW,entity00632845_udf_CF_2021311154636837_udf_CF_2019326183015689_CashFlowsFromUsedInFinancingActivities,장기차입금의 상환,,,"604,633,773"
"현금흐름표, 간접법 - 연결재무제표",[104620],노랑풍선,코스닥시장상장법인,752,여행사 및 기타 여행보조 서비스업,12,2020-12-31,사업보고서,KRW,entity00632845_udf_CF_2019326183150288_udf_CF_2019326183015689_CashFlowsFromUsedInFinancingActivities,이자의 지급,"474,849,252","455,975,137","579,033,694"
"현금흐름표, 간접법 - 연결재무제표",[104620],노랑풍선,코스닥시장상장법인,752,여행사 및 기타 여행보조 서비스업,12,2020-12-31,사업보고서,KRW,entity00632845_udf_CF_20198717231105_udf_CF_2019326183015689_CashFlowsFromUsedInFinancingActivities,배당금의 지급,"953,130,000","1,382,190,500",
"현금흐름표, 간접법 - 연결재무제표",[104620],노랑풍선,코스닥시장상장법인,752,여행사 및 기타 여행보조 서비스업,12,2020-12-31,사업보고서,KRW,entity00632845_udf_CF_2019510152041849_udf_CF_2019326183015689_CashFlowsFromUsedInFinancingActivities,리스부채의 지급,"252,535,394","296,154,200",
"현금흐름표, 간접법 - 연결재무제표",[104620],노랑풍선,코스닥시장상장법인,752,여행사 및 기타 여행보조 서비스업,12,2020-12-31,사업보고서,KRW,ifrs-full_IncreaseDecreaseInCashAndCashEquivalents,현금및현금성자산의 순증감,"-11,835,674,213","1,308,826,075","-4,353,823,434"
"현금흐름표, 간접법 - 연결재무제표",[104620],노랑풍선,코스닥시장상장법인,752,여행사 및 기타 여행보조 서비스업,12,2020-12-31,사업보고서,KRW,dart_CashAndCashEquivalentsAtBeginningOfPeriodCf,기초 현금및현금성자산,"17,730,519,850","16,423,119,618","20,775,528,787"
"현금흐름표, 간접법 - 연결재무제표",[104620],노랑풍선,코스닥시장상장법인,752,여행사 및 기타 여행보조 서비스업,12,2020-12-31,사업보고서,KRW,entity00632845_udf_CF_201932212268111_StatementOfCashFlowsAbstract,현금및현금성자산의 환율변동효과,"718,762","-1,425,843","1,414,265"
"현금흐름표, 간접법 - 연결재무제표",[104620],노랑풍선,코스닥시장상장법인,752,여행사 및 기타 여행보조 서비스업,12,2020-12-31,사업보고서,KRW,dart_CashAndCashEquivalentsAtEndOfPeriodCf,기말 현금및현금성자산,"5,895,564,399","17,730,519,850","16,423,119,618"
"현금흐름표, 간접법 - 연결재무제표",[038390],레드캡투어,코스닥시장상장법인,752,여행사 및 기타 여행보조 서비스업,12,2020-12-31,사업보고서,KRW,ifrs-full_CashFlowsFromUsedInOperatingActivities,영업활동으로 인한 현금흐름,"-26,090,785,972","16,603,138,503","68,665,388,030"
"현금흐름표, 간접법 - 연결재무제표",[038390],레드캡투어,코스닥시장상장법인,752,여행사 및 기타 여행보조 서비스업,12,2020-12-31,사업보고서,KRW,entity00261355_udf_CF_20188310598995_CashFlowsFromUsedInOperatingActivities,영업으로부터 창출된 현금흐름,"-14,717,576,820","28,354,845,282","75,882,958,722"
"현금흐름표, 간접법 - 연결재무제표",[038390],레드캡투어,코스닥시장상장법인,752,여행사 및 기타 여행보조 서비스업,12,2020-12-31,사업보고서,KRW,ifrs-full_InterestReceivedClassifiedAsOperatingActivities,이자의 수취,"64,643,688","182,471,892","293,187,189"
"현금흐름표, 간접법 - 연결재무제표",[038390],레드캡투어,코스닥시장상장법인,752,여행사 및 기타 여행보조 서비스업,12,2020-12-31,사업보고서,KRW,ifrs-full_InterestPaidClassifiedAsOperatingActivities,이자의 지급,"5,423,293,518","5,805,587,011","6,740,839,263"
"현금흐름표, 간접법 - 연결재무제표",[038390],레드캡투어,코스닥시장상장법인,752,여행사 및 기타 여행보조 서비스업,12,2020-12-31,사업보고서,KRW,ifrs-full_IncomeTaxesPaidRefundClassifiedAsOperatingActivities,법인세의 납부,"6,014,559,322","6,128,591,660","769,918,618"
"현금흐름표, 간접법 - 연결재무제표",[038390],레드캡투어,코스닥시장상장법인,752,여행사 및 기타 여행보조 서비스업,12,2020-12-31,사업보고서,KRW,ifrs-full_CashFlowsFromUsedInInvestingActivities,투자활동으로 인한 현금흐름,"-7,255,703,220","-6,118,794,583","-4,082,841,994"
"현금흐름표, 간접법 - 연결재무제표",[038390],레드캡투어,코스닥시장상장법인,752,여행사 및 기타 여행보조 서비스업,12,2020-12-31,사업보고서,KRW,dart_ProceedsFromSalesOfShortTermFinancialInstruments,단기금융상품의 감소,"552,621,428",0,"11,704,608"
"현금흐름표, 간접법 - 연결재무제표",[038390],레드캡투어,코스닥시장상장법인,752,여행사 및 기타 여행보조 서비스업,12,2020-12-31,사업보고서,KRW,dart_ProceedsFromSalesOfShortTermLoansAndReceivables,단기대여금의 회수,"61,818,230","60,382,340","129,305,460"
"현금흐름표, 간접법 - 연결재무제표",[038390],레드캡투어,코스닥시장상장법인,752,여행사 및 기타 여행보조 서비스업,12,2020-12-31,사업보고서,KRW,dart_DecreaseInLoans,장기대여금의 회수,"56,060,670",0,"30,000,000"
"현금흐름표, 간접법 - 연결재무제표",[038390],레드캡투어,코스닥시장상장법인,752,여행사 및 기타 여행보조 서비스업,12,2020-12-31,사업보고서,KRW,dart_ProceedsFromSalesOfAvailableForSaleFinancialAssets,기타포괄손익-공정가치 측정 금융자산의 처분,0,"211,963","27,076,729"
"현금흐름표, 간접법 - 연결재무제표",[038390],레드캡투어,코스닥시장상장법인,752,여행사 및 기타 여행보조 서비스업,12,2020-12-31,사업보고서,KRW,dart_DecreaseInGuaranteeDeposits,보증금의 감소,"359,959,733","341,345,284","509,786,342"
"현금흐름표, 간접법 - 연결재무제표",[038390],레드캡투어,코스닥시장상장법인,752,여행사 및 기타 여행보조 서비스업,12,2020-12-31,사업보고서,KRW,ifrs-full_CashReceiptsFromRepaymentOfAdvancesAndLoansMadeToOtherPartiesClassifiedAsInvestingActivities,선급금의 감소,0,"1,565,340,000",0
"현금흐름표, 간접법 - 연결재무제표",[038390],레드캡투어,코스닥시장상장법인,752,여행사 및 기타 여행보조 서비스업,12,2020-12-31,사업보고서,KRW,ifrs-full_ProceedsFromSalesOfPropertyPlantAndEquipmentClassifiedAsInvestingActivities,유형자산의 처분,"33,360,957","40,856,741","129,739,262"
"현금흐름표, 간접법 - 연결재무제표",[038390],레드캡투어,코스닥시장상장법인,752,여행사 및 기타 여행보조 서비스업,12,2020-12-31,사업보고서,KRW,ifrs-full_ProceedsFromGovernmentGrantsClassifiedAsInvestingActivities,정보조금의 수령,0,"2,600,000",0
"현금흐름표, 간접법 - 연결재무제표",[038390],레드캡투어,코스닥시장상장법인,752,여행사 및 기타 여행보조 서비스업,12,2020-12-31,사업보고서,KRW,dart_PurchaseOfShortTermLoansAndReceivables,단기대여금의 증가,0,"412,000","85,283,500"
"현금흐름표, 간접법 - 연결재무제표",[038390],레드캡투어,코스닥시장상장법인,752,여행사 및 기타 여행보조 서비스업,12,2020-12-31,사업보고서,KRW,dart_IncreaseInLoans,장기대여금의 증가,"45,000,000","70,000,000","60,000,000"
"현금흐름표, 간접법 - 연결재무제표",[038390],레드캡투어,코스닥시장상장법인,752,여행사 및 기타 여행보조 서비스업,12,2020-12-31,사업보고서,KRW,entity00261355_udf_CF_20193281536986_CashFlowsFromUsedInInvestingActivities,당기손익-공정가치 측정 금융자산의 취득,"390,000,000","330,000,000","240,000,000"
"현금흐름표, 간접법 - 연결재무제표",[038390],레드캡투어,코스닥시장상장법인,752,여행사 및 기타 여행보조 서비스업,12,2020-12-31,사업보고서,KRW,entity00261355_udf_CF_20188314266362_CashFlowsFromUsedInInvestingActivities,기타포괄손익-공정가치 측정 금융자산의 취득,0,"220,000","4,035,000"
"현금흐름표, 간접법 - 연결재무제표",[038390],레드캡투어,코스닥시장상장법인,752,여행사 및 기타 여행보조 서비스업,12,2020-12-31,사업보고서,KRW,dart_PurchaseOfShortTermFinancialInstruments,단기금융상품의 증가,"548,306,890",0,0
"현금흐름표, 간접법 - 연결재무제표",[038390],레드캡투어,코스닥시장상장법인,752,여행사 및 기타 여행보조 서비스업,12,2020-12-31,사업보고서,KRW,dart_IncreaseInGuaranteeDeposits,보증금의 증가,"16,005,150","83,177,952","758,453,163"
"현금흐름표, 간접법 - 연결재무제표",[038390],레드캡투어,코스닥시장상장법인,752,여행사 및 기타 여행보조 서비스업,12,2020-12-31,사업보고서,KRW,ifrs-full_CashAdvancesAndLoansMadeToOtherPartiesClassifiedAsInvestingActivities,선급금의 증가,0,0,"1,565,340,000"
"현금흐름표, 간접법 - 연결재무제표",[038390],레드캡투어,코스닥시장상장법인,752,여행사 및 기타 여행보조 서비스업,12,2020-12-31,사업보고서,KRW,ifrs-full_PurchaseOfPropertyPlantAndEquipmentClassifiedAsInvestingActivities,유형자산의 취득,"865,094,270","325,598,150","350,128,804"
"현금흐름표, 간접법 - 연결재무제표",[038390],레드캡투어,코스닥시장상장법인,752,여행사 및 기타 여행보조 서비스업,12,2020-12-31,사업보고서,KRW,ifrs-full_PurchaseOfIntangibleAssetsClassifiedAsInvestingActivities,무형자산의 취득,"6,455,117,928","7,320,122,809","1,857,213,928"
"현금흐름표, 간접법 - 연결재무제표",[038390],레드캡투어,코스닥시장상장법인,752,여행사 및 기타 여행보조 서비스업,12,2020-12-31,사업보고서,KRW,ifrs-full_CashFlowsFromUsedInFinancingActivities,재무활동으로 인한 현금흐름,"27,863,036,355","-3,937,917,908","-71,771,609,926"
"현금흐름표, 간접법 - 연결재무제표",[038390],레드캡투어,코스닥시장상장법인,752,여행사 및 기타 여행보조 서비스업,12,2020-12-31,사업보고서,KRW,dart_ProceedsFromShortTermBorrowings,단기차입금의 차입,0,"3,002,885,898",0
"현금흐름표, 간접법 - 연결재무제표",[038390],레드캡투어,코스닥시장상장법인,752,여행사 및 기타 여행보조 서비스업,12,2020-12-31,사업보고서,KRW,dart_ProceedsFromLongTermBorrowings,장기차입금의 차입,"154,000,000,000","110,000,000,000","94,000,000,000"
"현금흐름표, 간접법 - 연결재무제표",[038390],레드캡투어,코스닥시장상장법인,752,여행사 및 기타 여행보조 서비스업,12,2020-12-31,사업보고서,KRW,dart_ProceedsFromBonds,사채의 발행,"11,643,628,195",0,0
"현금흐름표, 간접법 - 연결재무제표",[038390],레드캡투어,코스닥시장상장법인,752,여행사 및 기타 여행보조 서비스업,12,2020-12-31,사업보고서,KRW,dart_DispositionOfTreasuryShares,자기주식의 처분,0,0,"1,467,800,000"
"현금흐름표, 간접법 - 연결재무제표",[038390],레드캡투어,코스닥시장상장법인,752,여행사 및 기타 여행보조 서비스업,12,2020-12-31,사업보고서,KRW,dart_RepaymentsOfLongTermBorrowings,유동성장기차입금의 상환,"122,689,863,009","105,398,718,750","142,708,899,526"
"현금흐름표, 간접법 - 연결재무제표",[038390],레드캡투어,코스닥시장상장법인,752,여행사 및 기타 여행보조 서비스업,12,2020-12-31,사업보고서,KRW,dart_RepaymentsOfShortTermBorrowings,단기차입금의 상환,"5,227,656,260","2,994,236,524","18,000,000,000"
"현금흐름표, 간접법 - 연결재무제표",[038390],레드캡투어,코스닥시장상장법인,752,여행사 및 기타 여행보조 서비스업,12,2020-12-31,사업보고서,KRW,ifrs-full_PaymentsOfFinanceLeaseLiabilitiesClassifiedAsFinancingActivities,리스부채의 상환,"2,468,496,661","1,957,338,132",0
"현금흐름표, 간접법 - 연결재무제표",[038390],레드캡투어,코스닥시장상장법인,752,여행사 및 기타 여행보조 서비스업,12,2020-12-31,사업보고서,KRW,dart_AcquisitionOfTreasuryShares,자기주식의 취득,"2,451,693,110",0,0
"현금흐름표, 간접법 - 연결재무제표",[038390],레드캡투어,코스닥시장상장법인,752,여행사 및 기타 여행보조 서비스업,12,2020-12-31,사업보고서,KRW,ifrs-full_DividendsPaidClassifiedAsFinancingActivities,배당금의 지급,"4,942,882,800","6,590,510,400","6,530,510,400"
"현금흐름표, 간접법 - 연결재무제표",[038390],레드캡투어,코스닥시장상장법인,752,여행사 및 기타 여행보조 서비스업,12,2020-12-31,사업보고서,KRW,entity00261355_udf_CF_20212181415336_CashFlowsFromUsedInFinancingActivities,사채할인발행차금의 지급,0,0,0
"현금흐름표, 간접법 - 연결재무제표",[038390],레드캡투어,코스닥시장상장법인,752,여행사 및 기타 여행보조 서비스업,12,2020-12-31,사업보고서,KRW,ifrs-full_IncreaseDecreaseInCashAndCashEquivalentsBeforeEffectOfExchangeRateChanges,환율변동효과 반영전 현금및현금성자산의 순증가(감소),"-5,483,452,837","6,546,426,012","-7,189,063,890"
"현금흐름표, 간접법 - 연결재무제표",[038390],레드캡투어,코스닥시장상장법인,752,여행사 및 기타 여행보조 서비스업,12,2020-12-31,사업보고서,KRW,ifrs-full_EffectOfExchangeRateChangesOnCashAndCashEquivalents,현금및현금성자산에 대한 환율변동효과,"-41,387,079","19,322,571","-2,250,340"
"현금흐름표, 간접법 - 연결재무제표",[038390],레드캡투어,코스닥시장상장법인,752,여행사 및 기타 여행보조 서비스업,12,2020-12-31,사업보고서,KRW,ifrs-full_IncreaseDecreaseInCashAndCashEquivalents,현금및현금성자산의순증가(감소),"-5,524,839,916","6,565,748,583","-7,191,314,230"
"현금흐름표, 간접법 - 연결재무제표",[038390],레드캡투어,코스닥시장상장법인,752,여행사 및 기타 여행보조 서비스업,12,2020-12-31,사업보고서,KRW,dart_CashAndCashEquivalentsAtBeginningOfPeriodCf,기초의 현금및현금성자산,"17,847,341,288","11,281,592,705","18,472,906,935"
"현금흐름표, 간접법 - 연결재무제표",[038390],레드캡투어,코스닥시장상장법인,752,여행사 및 기타 여행보조 서비스업,12,2020-12-31,사업보고서,KRW,dart_CashAndCashEquivalentsAtEndOfPeriodCf,기말의 현금및현금성자산,"12,322,501,372","17,847,341,288","11,281,592,705"
"현금흐름표, 간접법 - 연결재무제표",[032350],롯데관광개발,유가증권시장상장법인,752,여행사 및 기타 여행보조 서비스업,12,2020-12-31,사업보고서,KRW,ifrs-full_CashFlowsFromUsedInOperatingActivities,영업활동으로 인한 현금흐름,"-114,489,713,027","-23,291,651,182","2,053,895,288"
"현금흐름표, 간접법 - 연결재무제표",[032350],롯데관광개발,유가증권시장상장법인,752,여행사 및 기타 여행보조 서비스업,12,2020-12-31,사업보고서,KRW,entity00231372_udf_CF_2020812020075_CashFlowsFromUsedInOperatingActivities,영업에서 창출된 현금,"-101,568,716,843","-23,552,453,970","1,886,899,374"
"현금흐름표, 간접법 - 연결재무제표",[032350],롯데관광개발,유가증권시장상장법인,752,여행사 및 기타 여행보조 서비스업,12,2020-12-31,사업보고서,KRW,dart_ProfitLossForStatementOfCashFlows,당기순이익(손실),"-82,068,543,116","-14,681,587,624","-112,874,122,304"
"현금흐름표, 간접법 - 연결재무제표",[032350],롯데관광개발,유가증권시장상장법인,752,여행사 및 기타 여행보조 서비스업,12,2020-12-31,사업보고서,KRW,ifrs-full_AdjustmentsForReconcileProfitLoss,당기순이익(손실)에 대한 조정,"30,521,003,068","5,407,884,628","118,222,213,211"
"현금흐름표, 간접법 - 연결재무제표",[032350],롯데관광개발,유가증권시장상장법인,752,여행사 및 기타 여행보조 서비스업,12,2020-12-31,사업보고서,KRW,dart_AdjustmentsForAssetsLiabilitiesOfOperatingActivities,영업활동으로인한자산부채의변동,"-50,021,176,795","-14,278,750,974","-3,461,191,533"
"현금흐름표, 간접법 - 연결재무제표",[032350],롯데관광개발,유가증권시장상장법인,752,여행사 및 기타 여행보조 서비스업,12,2020-12-31,사업보고서,KRW,ifrs-full_InterestReceivedClassifiedAsOperatingActivities,이자수취,"362,515,002","1,404,368,951","831,126,531"
"현금흐름표, 간접법 - 연결재무제표",[032350],롯데관광개발,유가증권시장상장법인,752,여행사 및 기타 여행보조 서비스업,12,2020-12-31,사업보고서,KRW,ifrs-full_InterestPaidClassifiedAsOperatingActivities,이자지급,"13,585,861,751","427,983,600","571,102,395"
"현금흐름표, 간접법 - 연결재무제표",[032350],롯데관광개발,유가증권시장상장법인,752,여행사 및 기타 여행보조 서비스업,12,2020-12-31,사업보고서,KRW,ifrs-full_IncomeTaxesPaidRefundClassifiedAsOperatingActivities,법인세 납부(환급),"-302,350,565","715,582,563","93,028,222"
"현금흐름표, 간접법 - 연결재무제표",[032350],롯데관광개발,유가증권시장상장법인,752,여행사 및 기타 여행보조 서비스업,12,2020-12-31,사업보고서,KRW,ifrs-full_CashFlowsFromUsedInInvestingActivities,투자활동현금흐름,"-578,890,239,747","-38,137,337,936","-211,869,646,083"
"현금흐름표, 간접법 - 연결재무제표",[032350],롯데관광개발,유가증권시장상장법인,752,여행사 및 기타 여행보조 서비스업,12,2020-12-31,사업보고서,KRW,entity00231372_udf_CF_202081202227104_CashFlowsFromUsedInInvestingActivities,투자활동으로 인한 현금유입액,"30,935,773,713","948,982,620,190","319,249,783,953"
"현금흐름표, 간접법 - 연결재무제표",[032350],롯데관광개발,유가증권시장상장법인,752,여행사 및 기타 여행보조 서비스업,12,2020-12-31,사업보고서,KRW,dart_ProceedsFromSalesOfShortTermFinancialInstruments,단기금융상품의 감소,"20,730,000,000","922,277,966,485","279,498,289,776"
"현금흐름표, 간접법 - 연결재무제표",[032350],롯데관광개발,유가증권시장상장법인,752,여행사 및 기타 여행보조 서비스업,12,2020-12-31,사업보고서,KRW,dart_DecreaseInLoans,단기대여금의 감소,"9,551,803,250","26,394,000,000","39,675,000,000"
"현금흐름표, 간접법 - 연결재무제표",[032350],롯데관광개발,유가증권시장상장법인,752,여행사 및 기타 여행보조 서비스업,12,2020-12-31,사업보고서,KRW,ifrs-full_ProceedsFromSalesOfPropertyPlantAndEquipmentClassifiedAsInvestingActivities,유형자산의 감소,"108,150,700","14,772,727","13,636,365"
"현금흐름표, 간접법 - 연결재무제표",[032350],롯데관광개발,유가증권시장상장법인,752,여행사 및 기타 여행보조 서비스업,12,2020-12-31,사업보고서,KRW,ifrs-full_ProceedsFromSalesOfIntangibleAssetsClassifiedAsInvestingActivities,무형자산의 감소,"371,727,274",0,0
"현금흐름표, 간접법 - 연결재무제표",[032350],롯데관광개발,유가증권시장상장법인,752,여행사 및 기타 여행보조 서비스업,12,2020-12-31,사업보고서,KRW,dart_DecreaseInGuaranteeDeposits,보증금의 감소,"174,092,489","295,880,978","62,857,812"
"현금흐름표, 간접법 - 연결재무제표",[032350],롯데관광개발,유가증권시장상장법인,752,여행사 및 기타 여행보조 서비스업,12,2020-12-31,사업보고서,KRW,entity00231372_udf_CF_20208120236869_CashFlowsFromUsedInInvestingActivities,투자활동으로 인한 현금유출액,"-609,826,013,460","-987,119,958,126","-531,119,430,036"
"현금흐름표, 간접법 - 연결재무제표",[032350],롯데관광개발,유가증권시장상장법인,752,여행사 및 기타 여행보조 서비스업,12,2020-12-31,사업보고서,KRW,dart_PurchaseOfShortTermFinancialInstruments,단기금융상품의 증가,"33,244,547,721","745,625,164,026","462,651,092,235"
"현금흐름표, 간접법 - 연결재무제표",[032350],롯데관광개발,유가증권시장상장법인,752,여행사 및 기타 여행보조 서비스업,12,2020-12-31,사업보고서,KRW,dart_IncreaseInLoans,단기대여금의 증가,"10,490,499,190","26,398,000,000","39,685,000,000"
"현금흐름표, 간접법 - 연결재무제표",[032350],롯데관광개발,유가증권시장상장법인,752,여행사 및 기타 여행보조 서비스업,12,2020-12-31,사업보고서,KRW,dart_PurchaseOfLongTermFinancialInstruments,장기금융상품의 증가,"8,750,000,000",0,"300,000,000"
"현금흐름표, 간접법 - 연결재무제표",[032350],롯데관광개발,유가증권시장상장법인,752,여행사 및 기타 여행보조 서비스업,12,2020-12-31,사업보고서,KRW,dart_IncreaseInGuaranteeDeposits,보증금의 증가,"955,158,000","2,950,235,045","506,150,915"
"현금흐름표, 간접법 - 연결재무제표",[032350],롯데관광개발,유가증권시장상장법인,752,여행사 및 기타 여행보조 서비스업,12,2020-12-31,사업보고서,KRW,ifrs-full_PurchaseOfPropertyPlantAndEquipmentClassifiedAsInvestingActivities,유형자산의 취득,"552,521,176,687","211,674,059,055","9,809,262,073"
"현금흐름표, 간접법 - 연결재무제표",[032350],롯데관광개발,유가증권시장상장법인,752,여행사 및 기타 여행보조 서비스업,12,2020-12-31,사업보고서,KRW,ifrs-full_PurchaseOfIntangibleAssetsClassifiedAsInvestingActivities,무형자산의 취득,"3,864,631,862","472,500,000","18,167,924,813"
"현금흐름표, 간접법 - 연결재무제표",[032350],롯데관광개발,유가증권시장상장법인,752,여행사 및 기타 여행보조 서비스업,12,2020-12-31,사업보고서,KRW,ifrs-full_CashFlowsFromUsedInFinancingActivities,재무활동현금흐름,"735,305,109,367","64,593,896,741","176,526,112,034"
"현금흐름표, 간접법 - 연결재무제표",[032350],롯데관광개발,유가증권시장상장법인,752,여행사 및 기타 여행보조 서비스업,12,2020-12-31,사업보고서,KRW,entity00231372_udf_CF_20208120241500_CashFlowsFromUsedInFinancingActivities,재무활동으로 인한 현금유입액,"899,161,817,707","69,689,346,107","255,670,157,372"
"현금흐름표, 간접법 - 연결재무제표",[032350],롯데관광개발,유가증권시장상장법인,752,여행사 및 기타 여행보조 서비스업,12,2020-12-31,사업보고서,KRW,dart_ProceedsFromShortTermBorrowings,단기차입금의 증가,"237,149,232,327","162,944,859","40,031,213,672"
"현금흐름표, 간접법 - 연결재무제표",[032350],롯데관광개발,유가증권시장상장법인,752,여행사 및 기타 여행보조 서비스업,12,2020-12-31,사업보고서,KRW,dart_ProceedsFromLongTermBorrowings,장기차입금의 증가,"662,012,585,380",0,0
"현금흐름표, 간접법 - 연결재무제표",[032350],롯데관광개발,유가증권시장상장법인,752,여행사 및 기타 여행보조 서비스업,12,2020-12-31,사업보고서,KRW,ifrs-full_ProceedsFromIssuingShares,유상증자,0,0,"215,638,943,700"
"현금흐름표, 간접법 - 연결재무제표",[032350],롯데관광개발,유가증권시장상장법인,752,여행사 및 기타 여행보조 서비스업,12,2020-12-31,사업보고서,KRW,dart_ProceedsFromConvertibleBonds,사채의 발행,0,"68,799,374,114",0
"현금흐름표, 간접법 - 연결재무제표",[032350],롯데관광개발,유가증권시장상장법인,752,여행사 및 기타 여행보조 서비스업,12,2020-12-31,사업보고서,KRW,entity00231372_udf_CF_2021317144518451_CashFlowsFromUsedInFinancingActivities,당기손익-공정가치측정금융부채의 증가,0,"727,027,134",0
"현금흐름표, 간접법 - 연결재무제표",[032350],롯데관광개발,유가증권시장상장법인,752,여행사 및 기타 여행보조 서비스업,12,2020-12-31,사업보고서,KRW,entity00231372_udf_CF_202081202416676_CashFlowsFromUsedInFinancingActivities,재무활동으로 인한 현금유출액,"-163,856,708,340","-5,095,449,366","-79,144,045,338"
"현금흐름표, 간접법 - 연결재무제표",[032350],롯데관광개발,유가증권시장상장법인,752,여행사 및 기타 여행보조 서비스업,12,2020-12-31,사업보고서,KRW,dart_RepaymentsOfShortTermBorrowings,단기차입금의 상환,"157,600,000,000",0,"72,920,000,000"
"현금흐름표, 간접법 - 연결재무제표",[032350],롯데관광개발,유가증권시장상장법인,752,여행사 및 기타 여행보조 서비스업,12,2020-12-31,사업보고서,KRW,ifrs-full_PaymentsOfFinanceLeaseLiabilitiesClassifiedAsFinancingActivities,리스부채의 상환,"6,256,708,340","5,070,346,753",0
"현금흐름표, 간접법 - 연결재무제표",[032350],롯데관광개발,유가증권시장상장법인,752,여행사 및 기타 여행보조 서비스업,12,2020-12-31,사업보고서,KRW,dart_PaymentForStockIssueCost,신주발행비,,"25,102,613","6,224,045,338"
"현금흐름표, 간접법 - 연결재무제표",[032350],롯데관광개발,유가증권시장상장법인,752,여행사 및 기타 여행보조 서비스업,12,2020-12-31,사업보고서,KRW,ifrs-full_EffectOfExchangeRateChangesOnCashAndCashEquivalents,현금및현금성자산에 대한 환율변동효과,"-49,557,508",0,0
"현금흐름표, 간접법 - 연결재무제표",[032350],롯데관광개발,유가증권시장상장법인,752,여행사 및 기타 여행보조 서비스업,12,2020-12-31,사업보고서,KRW,entity00231372_udf_CF_2021317223718948_StatementOfCashFlowsAbstract,연결범위의 변동,0,0,"965,475,701"
"현금흐름표, 간접법 - 연결재무제표",[032350],롯데관광개발,유가증권시장상장법인,752,여행사 및 기타 여행보조 서비스업,12,2020-12-31,사업보고서,KRW,ifrs-full_IncreaseDecreaseInCashAndCashEquivalents,현금및현금성자산의순증가(감소),"41,875,599,085","3,164,907,623","-32,324,163,060"
"현금흐름표, 간접법 - 연결재무제표",[032350],롯데관광개발,유가증권시장상장법인,752,여행사 및 기타 여행보조 서비스업,12,2020-12-31,사업보고서,KRW,dart_CashAndCashEquivalentsAtBeginningOfPeriodCf,기초현금및현금성자산,"16,309,876,259","13,144,968,636","45,469,131,696"
"현금흐름표, 간접법 - 연결재무제표",[032350],롯데관광개발,유가증권시장상장법인,752,여행사 및 기타 여행보조 서비스업,12,2020-12-31,사업보고서,KRW,dart_CashAndCashEquivalentsAtEndOfPeriodCf,기말현금및현금성자산,"58,185,475,344","16,309,876,259","13,144,968,636"
"현금흐름표, 간접법 - 연결재무제표",[080160],모두투어,코스닥시장상장법인,752,여행사 및 기타 여행보조 서비스업,12,2020-12-31,사업보고서,KRW,ifrs-full_CashFlowsFromUsedInOperatingActivities,영업활동현금흐름,"-74,014,314,546","26,133,969,530","34,352,231,231"
"현금흐름표, 간접법 - 연결재무제표",[080160],모두투어,코스닥시장상장법인,752,여행사 및 기타 여행보조 서비스업,12,2020-12-31,사업보고서,KRW,entity00456218_udf_CF_2021320145623486_CashFlowsFromUsedInOperatingActivities,영업에서창출된현금,"-69,581,627,201","28,627,761,738","42,184,350,306"
"현금흐름표, 간접법 - 연결재무제표",[080160],모두투어,코스닥시장상장법인,752,여행사 및 기타 여행보조 서비스업,12,2020-12-31,사업보고서,KRW,dart_ProfitLossForStatementOfCashFlows,당기순이익(손실),"-64,710,821,162","2,270,532,754","12,178,268,867"
"현금흐름표, 간접법 - 연결재무제표",[080160],모두투어,코스닥시장상장법인,752,여행사 및 기타 여행보조 서비스업,12,2020-12-31,사업보고서,KRW,ifrs-full_AdjustmentsForReconcileProfitLoss,가감,"56,241,224,286","18,556,582,062","11,827,800,166"
"현금흐름표, 간접법 - 연결재무제표",[080160],모두투어,코스닥시장상장법인,752,여행사 및 기타 여행보조 서비스업,12,2020-12-31,사업보고서,KRW,dart_AdjustmentsForProvisionForSeveranceIndemnities,퇴직급여,"100,587,177","1,704,247,719","79,340,432"
"현금흐름표, 간접법 - 연결재무제표",[080160],모두투어,코스닥시장상장법인,752,여행사 및 기타 여행보조 서비스업,12,2020-12-31,사업보고서,KRW,entity00456218_udf_CF_202132014583505_AdjustmentsForReconcileProfitLoss,복리후생비,"188,546,435","699,903,765",
"현금흐름표, 간접법 - 연결재무제표",[080160],모두투어,코스닥시장상장법인,752,여행사 및 기타 여행보조 서비스업,12,2020-12-31,사업보고서,KRW,dart_AdjustmentsForBadDebtExpenses,대손상각비,"907,061,848","2,158,739,501","2,540,564,485"
"현금흐름표, 간접법 - 연결재무제표",[080160],모두투어,코스닥시장상장법인,752,여행사 및 기타 여행보조 서비스업,12,2020-12-31,사업보고서,KRW,dart_AdjustmentsForReversalAllowanceDoubtfulAccounts,대손충당금환입,"122,446,922","132,512,978",
"현금흐름표, 간접법 - 연결재무제표",[080160],모두투어,코스닥시장상장법인,752,여행사 및 기타 여행보조 서비스업,12,2020-12-31,사업보고서,KRW,dart_AdjustmentsForOtherBadDebtExpenses,기타의 대손상각비,"1,883,284,483","172,979,969","3,771,705,000"
"현금흐름표, 간접법 - 연결재무제표",[080160],모두투어,코스닥시장상장법인,752,여행사 및 기타 여행보조 서비스업,12,2020-12-31,사업보고서,KRW,dart_AdjustmentsForProfitsOfAssociatesAndJointVenturesAccountedForUsingEquityMethod,지분법이익,,"1,428,424,617","134,783,741"
"현금흐름표, 간접법 - 연결재무제표",[080160],모두투어,코스닥시장상장법인,752,여행사 및 기타 여행보조 서비스업,12,2020-12-31,사업보고서,KRW,dart_AdjustmentsForLossesOfAssociatesAndJointVenturesAccountedForUsingEquityMethod,지분법손실,"436,862,952",,
"현금흐름표, 간접법 - 연결재무제표",[080160],모두투어,코스닥시장상장법인,752,여행사 및 기타 여행보조 서비스업,12,2020-12-31,사업보고서,KRW,dart_AdjustmentsForGainOnForeignExchangeTranslations,외화환산이익,"1,806,043,060","514,088,899","1,071,556,753"
"현금흐름표, 간접법 - 연결재무제표",[080160],모두투어,코스닥시장상장법인,752,여행사 및 기타 여행보조 서비스업,12,2020-12-31,사업보고서,KRW,dart_AdjustmentsForLossesOnForeignExchangeTranslations,외화환산손실,"1,714,608,199","1,247,183,338","13,904,200"
"현금흐름표, 간접법 - 연결재무제표",[080160],모두투어,코스닥시장상장법인,752,여행사 및 기타 여행보조 서비스업,12,2020-12-31,사업보고서,KRW,entity00456218_udf_CF_20213201505766_AdjustmentsForReconcileProfitLoss,통화스왑평가이익,,"-626,240,000",
"현금흐름표, 간접법 - 연결재무제표",[080160],모두투어,코스닥시장상장법인,752,여행사 및 기타 여행보조 서비스업,12,2020-12-31,사업보고서,KRW,entity00456218_udf_CF_202132015015367_AdjustmentsForReconcileProfitLoss,통화스왑평가손실,"1,083,760,000",,"180,880,000"
"현금흐름표, 간접법 - 연결재무제표",[080160],모두투어,코스닥시장상장법인,752,여행사 및 기타 여행보조 서비스업,12,2020-12-31,사업보고서,KRW,dart_AdjustmentsForDepreciationExpense,감가상각비,"3,861,071,722","2,981,733,830","3,467,987,402"
"현금흐름표, 간접법 - 연결재무제표",[080160],모두투어,코스닥시장상장법인,752,여행사 및 기타 여행보조 서비스업,12,2020-12-31,사업보고서,KRW,entity00456218_udf_CF_202132015049898_AdjustmentsForReconcileProfitLoss,사용권자산상각비,"5,348,605,033","5,886,036,719",
"현금흐름표, 간접법 - 연결재무제표",[080160],모두투어,코스닥시장상장법인,752,여행사 및 기타 여행보조 서비스업,12,2020-12-31,사업보고서,KRW,entity00456218_udf_CF_2021320151550_AdjustmentsForReconcileProfitLoss,투자부동산상각비,"65,840,007","66,148,167","65,531,848"
"현금흐름표, 간접법 - 연결재무제표",[080160],모두투어,코스닥시장상장법인,752,여행사 및 기타 여행보조 서비스업,12,2020-12-31,사업보고서,KRW,dart_AdjustmentsForAmortisationExpense,무형자산상각비,"265,531,193","328,939,051","456,739,835"
"현금흐름표, 간접법 - 연결재무제표",[080160],모두투어,코스닥시장상장법인,752,여행사 및 기타 여행보조 서비스업,12,2020-12-31,사업보고서,KRW,dart_AdjustmentsForGainOnDispositionOfTangibleAssets,유형자산처분이익,"147,765,876","20,935,196","41,322,784"
"현금흐름표, 간접법 - 연결재무제표",[080160],모두투어,코스닥시장상장법인,752,여행사 및 기타 여행보조 서비스업,12,2020-12-31,사업보고서,KRW,dart_AdjustmentsForLossesOnDispositionOfPropertyPlantAndEquipment,유형자산처분손실,"15,931,805",,"10,123,166"
"현금흐름표, 간접법 - 연결재무제표",[080160],모두투어,코스닥시장상장법인,752,여행사 및 기타 여행보조 서비스업,12,2020-12-31,사업보고서,KRW,dart_AdjustmentsForLossesOnAbandonmentOfPropertyPlantAndEquipment,유형자산폐기손실,"885,327",,"12,000"
"현금흐름표, 간접법 - 연결재무제표",[080160],모두투어,코스닥시장상장법인,752,여행사 및 기타 여행보조 서비스업,12,2020-12-31,사업보고서,KRW,dart_AdjustmentsForImpairmentLossesOfPropertyPlantAndEquipment,유형자산손상차손,"40,113,387,270",,
"현금흐름표, 간접법 - 연결재무제표",[080160],모두투어,코스닥시장상장법인,752,여행사 및 기타 여행보조 서비스업,12,2020-12-31,사업보고서,KRW,dart_AdjustmentsForImpairmentLossesOfIntangibleAssets,무형자산손상차손,"23,146,305","308,296,183","1,251,442,067"
"현금흐름표, 간접법 - 연결재무제표",[080160],모두투어,코스닥시장상장법인,752,여행사 및 기타 여행보조 서비스업,12,2020-12-31,사업보고서,KRW,dart_AdjustmentsForWritedownsOfInventories,재고자산평가손실,"-242,224,185","252,190,043",
"현금흐름표, 간접법 - 연결재무제표",[080160],모두투어,코스닥시장상장법인,752,여행사 및 기타 여행보조 서비스업,12,2020-12-31,사업보고서,KRW,dart_AdjustmentsForGainsOnEvaluationOfFairValueFinancialAssets,당기손익-공정가치 금융자산평가이익,"623,933,779","349,356,201","441,116,577"
"현금흐름표, 간접법 - 연결재무제표",[080160],모두투어,코스닥시장상장법인,752,여행사 및 기타 여행보조 서비스업,12,2020-12-31,사업보고서,KRW,entity00456218_udf_CF_202132015438306_AdjustmentsForReconcileProfitLoss,당기손익-공정가치 금융자산처분이익,,"-1,838,935,745",
"현금흐름표, 간접법 - 연결재무제표",[080160],모두투어,코스닥시장상장법인,752,여행사 및 기타 여행보조 서비스업,12,2020-12-31,사업보고서,KRW,entity00456218_udf_CF_20213201554162_AdjustmentsForReconcileProfitLoss,기타포괄손익-공정가치금융자산처분손실,,"62,454,853",
"현금흐름표, 간접법 - 연결재무제표",[080160],모두투어,코스닥시장상장법인,752,여행사 및 기타 여행보조 서비스업,12,2020-12-31,사업보고서,KRW,dart_AdjustmentsForImpairmentLossesOnInvestmentsInAssociates,관계기업투자주식손상차손,"10,840,357",,
"현금흐름표, 간접법 - 연결재무제표",[080160],모두투어,코스닥시장상장법인,752,여행사 및 기타 여행보조 서비스업,12,2020-12-31,사업보고서,KRW,entity00456218_udf_CF_202132015842589_AdjustmentsForReconcileProfitLoss,관계기업투자주식처분이익,"-17,012,101",,
"현금흐름표, 간접법 - 연결재무제표",[080160],모두투어,코스닥시장상장법인,752,여행사 및 기타 여행보조 서비스업,12,2020-12-31,사업보고서,KRW,dart_AdjustmentsForGainsOnDisposalsOfInvestmentsInAssociates,종속기업처분이익,,,"3,393,291,067"
"현금흐름표, 간접법 - 연결재무제표",[080160],모두투어,코스닥시장상장법인,752,여행사 및 기타 여행보조 서비스업,12,2020-12-31,사업보고서,KRW,entity00456218_udf_CF_202132015920986_AdjustmentsForReconcileProfitLoss,마일리지보상비용,"52,395,363","434,226,194","353,707,707"
"현금흐름표, 간접법 - 연결재무제표",[080160],모두투어,코스닥시장상장법인,752,여행사 및 기타 여행보조 서비스업,12,2020-12-31,사업보고서,KRW,dart_AdjustmentsForMiscellaneousLosses,잡손실,"21,921,940","1,880,105,725","195,398"
"현금흐름표, 간접법 - 연결재무제표",[080160],모두투어,코스닥시장상장법인,752,여행사 및 기타 여행보조 서비스업,12,2020-12-31,사업보고서,KRW,dart_AdjustmentsForMiscellaneousIncome,잡이익,"255,114,993","41,618","20,430"
"현금흐름표, 간접법 - 연결재무제표",[080160],모두투어,코스닥시장상장법인,752,여행사 및 기타 여행보조 서비스업,12,2020-12-31,사업보고서,KRW,entity00456218_udf_CF_2021320151019820_AdjustmentsForReconcileProfitLoss,채무면제이익,,,"-9,212,250"
"현금흐름표, 간접법 - 연결재무제표",[080160],모두투어,코스닥시장상장법인,752,여행사 및 기타 여행보조 서비스업,12,2020-12-31,사업보고서,KRW,dart_AdjustmentsForLossesFromRedemptionOfBorrowings,사채상환손실,,,"1,409,531"
"현금흐름표, 간접법 - 연결재무제표",[080160],모두투어,코스닥시장상장법인,752,여행사 및 기타 여행보조 서비스업,12,2020-12-31,사업보고서,KRW,dart_AdjustmentsForInterestExpenses,이자비용,"4,079,003,614","3,700,167,122","1,394,483,850"
"현금흐름표, 간접법 - 연결재무제표",[080160],모두투어,코스닥시장상장법인,752,여행사 및 기타 여행보조 서비스업,12,2020-12-31,사업보고서,KRW,dart_AdjustmentsForInterestIncome,이자수익,"1,351,976,572","2,471,165,275","2,270,928,632"
"현금흐름표, 간접법 - 연결재무제표",[080160],모두투어,코스닥시장상장법인,752,여행사 및 기타 여행보조 서비스업,12,2020-12-31,사업보고서,KRW,ifrs-full_AdjustmentsForIncomeTaxExpense,법인세비용,"634,470,744","4,054,930,412","5,602,005,479"
"현금흐름표, 간접법 - 연결재무제표",[080160],모두투어,코스닥시장상장법인,752,여행사 및 기타 여행보조 서비스업,12,2020-12-31,사업보고서,KRW,dart_AdjustmentsForAssetsLiabilitiesOfOperatingActivities,자산ㆍ부채의 증감,"-61,112,030,325","7,800,646,922","18,178,281,273"
"현금흐름표, 간접법 - 연결재무제표",[080160],모두투어,코스닥시장상장법인,752,여행사 및 기타 여행보조 서비스업,12,2020-12-31,사업보고서,KRW,ifrs-full_AdjustmentsForDecreaseIncreaseInTradeAccountReceivable,매출채권의 감소(증가),"23,876,220,087","2,760,459,711","18,956,176,845"
"현금흐름표, 간접법 - 연결재무제표",[080160],모두투어,코스닥시장상장법인,752,여행사 및 기타 여행보조 서비스업,12,2020-12-31,사업보고서,KRW,dart_AdjustmentsForDecreaseincreaseInTradeAndOtherReceivables,기타채권의 감소,"3,354,631,840","1,142,182,465","-1,921,720,099"
"현금흐름표, 간접법 - 연결재무제표",[080160],모두투어,코스닥시장상장법인,752,여행사 및 기타 여행보조 서비스업,12,2020-12-31,사업보고서,KRW,dart_AdjustmentsForDecreaseIncreaseInOtherCurrentAssets,기타유동자산의 감소,"2,817,276,769","1,054,994,549","403,525,575"
"현금흐름표, 간접법 - 연결재무제표",[080160],모두투어,코스닥시장상장법인,752,여행사 및 기타 여행보조 서비스업,12,2020-12-31,사업보고서,KRW,ifrs-full_AdjustmentsForDecreaseIncreaseInInventories,재고자산의 감소,"8,646,808,571","815,733,411","14,084,086,314"
"현금흐름표, 간접법 - 연결재무제표",[080160],모두투어,코스닥시장상장법인,752,여행사 및 기타 여행보조 서비스업,12,2020-12-31,사업보고서,KRW,entity00456218_udf_CF_2021320151632609_AdjustmentsForAssetsLiabilitiesOfOperatingActivities,기타비유동자산의 감소,"88,848,262","261,117,164","590,673,304"
"현금흐름표, 간접법 - 연결재무제표",[080160],모두투어,코스닥시장상장법인,752,여행사 및 기타 여행보조 서비스업,12,2020-12-31,사업보고서,KRW,ifrs-full_AdjustmentsForIncreaseDecreaseInTradeAccountPayable,매입채무(미지급금)의 감소,"-33,027,713,832","-3,827,697,707","-16,322,105,972"
"현금흐름표, 간접법 - 연결재무제표",[080160],모두투어,코스닥시장상장법인,752,여행사 및 기타 여행보조 서비스업,12,2020-12-31,사업보고서,KRW,entity00456218_udf_CF_2021320153453244_AdjustmentsForAssetsLiabilitiesOfOperatingActivities,기타채무의 감소,"-5,359,928,249","-393,413,299","-2,314,946,378"
"현금흐름표, 간접법 - 연결재무제표",[080160],모두투어,코스닥시장상장법인,752,여행사 및 기타 여행보조 서비스업,12,2020-12-31,사업보고서,KRW,entity00456218_udf_CF_2021320153515662_AdjustmentsForAssetsLiabilitiesOfOperatingActivities,여행수탁금의 증가(감소),"-59,045,128,216","4,681,821,233","2,274,308,023"
"현금흐름표, 간접법 - 연결재무제표",[080160],모두투어,코스닥시장상장법인,752,여행사 및 기타 여행보조 서비스업,12,2020-12-31,사업보고서,KRW,dart_AdjustmentsForIncreasedecreaseInAdvancesCustomers,선수금의 증가(감소),"1,712,466,808","-426,003,414","915,183,467"
"현금흐름표, 간접법 - 연결재무제표",[080160],모두투어,코스닥시장상장법인,752,여행사 및 기타 여행보조 서비스업,12,2020-12-31,사업보고서,KRW,dart_AdjustmentsForIncreaseDecreaseInOtherCurrentLiabilities,기타유동부채의 감소,"-2,002,221,404","-705,591,940","-324,550,074"
"현금흐름표, 간접법 - 연결재무제표",[080160],모두투어,코스닥시장상장법인,752,여행사 및 기타 여행보조 서비스업,12,2020-12-31,사업보고서,KRW,dart_AdjustmentsForIncreaseDecreaseInOtherNonCurrentLiabilities,기타비유동부채의 증가(감소),"-312,078,075","94,400,000","24,600,000"
"현금흐름표, 간접법 - 연결재무제표",[080160],모두투어,코스닥시장상장법인,752,여행사 및 기타 여행보조 서비스업,12,2020-12-31,사업보고서,KRW,dart_AdjustmentsForIncreaseDecreaseInDeferredIncome,이연수익의 증가(감소),"-1,751,658,062","2,689,304,708","2,154,598,220"
"현금흐름표, 간접법 - 연결재무제표",[080160],모두투어,코스닥시장상장법인,752,여행사 및 기타 여행보조 서비스업,12,2020-12-31,사업보고서,KRW,entity00456218_udf_CF_2021320153741840_AdjustmentsForAssetsLiabilitiesOfOperatingActivities,마일리지지급액,"-39,554,824","-346,659,959","-211,155,525"
"현금흐름표, 간접법 - 연결재무제표",[080160],모두투어,코스닥시장상장법인,752,여행사 및 기타 여행보조 서비스업,12,2020-12-31,사업보고서,KRW,entity00456218_udf_CF_202132015386239_AdjustmentsForAssetsLiabilitiesOfOperatingActivities,퇴직금지급액,,0,"-130,392,427"
"현금흐름표, 간접법 - 연결재무제표",[080160],모두투어,코스닥시장상장법인,752,여행사 및 기타 여행보조 서비스업,12,2020-12-31,사업보고서,KRW,dart_AdjustmentsForIncreasedecreaseInNonCurrentProvisionsForEmployeeBenefits,장기종업원급여부채의 감소,"-70,000,000",0,
"현금흐름표, 간접법 - 연결재무제표",[080160],모두투어,코스닥시장상장법인,752,여행사 및 기타 여행보조 서비스업,12,2020-12-31,사업보고서,KRW,ifrs-full_InterestReceivedClassifiedAsOperatingActivities,이자수취,"1,325,215,316","2,543,387,110","2,121,169,387"
"현금흐름표, 간접법 - 연결재무제표",[080160],모두투어,코스닥시장상장법인,752,여행사 및 기타 여행보조 서비스업,12,2020-12-31,사업보고서,KRW,ifrs-full_DividendsReceivedClassifiedAsOperatingActivities,배당금수취,"327,543,779","5,420,111,946","171,436,577"
"현금흐름표, 간접법 - 연결재무제표",[080160],모두투어,코스닥시장상장법인,752,여행사 및 기타 여행보조 서비스업,12,2020-12-31,사업보고서,KRW,ifrs-full_InterestPaidClassifiedAsOperatingActivities,이자지급,"3,886,318,963","4,072,216,458","1,356,976,139"
"현금흐름표, 간접법 - 연결재무제표",[080160],모두투어,코스닥시장상장법인,752,여행사 및 기타 여행보조 서비스업,12,2020-12-31,사업보고서,KRW,ifrs-full_IncomeTaxesPaidRefundClassifiedAsOperatingActivities,법인세납부,"2,199,127,477","6,385,074,806","8,767,748,900"
"현금흐름표, 간접법 - 연결재무제표",[080160],모두투어,코스닥시장상장법인,752,여행사 및 기타 여행보조 서비스업,12,2020-12-31,사업보고서,KRW,ifrs-full_CashFlowsFromUsedInInvestingActivities,투자활동현금흐름,"34,947,189,334","-36,161,666,578","-18,231,988,180"
"현금흐름표, 간접법 - 연결재무제표",[080160],모두투어,코스닥시장상장법인,752,여행사 및 기타 여행보조 서비스업,12,2020-12-31,사업보고서,KRW,dart_ProceedsFromSalesOfShortTermFinancialInstruments,단기금융상품의 감소,"142,011,028,590","168,109,092,848","141,067,926,703"
"현금흐름표, 간접법 - 연결재무제표",[080160],모두투어,코스닥시장상장법인,752,여행사 및 기타 여행보조 서비스업,12,2020-12-31,사업보고서,KRW,dart_PurchaseOfShortTermFinancialInstruments,단기금융상품의 증가,"100,261,340,533","169,719,113,491","146,712,975,368"
"현금흐름표, 간접법 - 연결재무제표",[080160],모두투어,코스닥시장상장법인,752,여행사 및 기타 여행보조 서비스업,12,2020-12-31,사업보고서,KRW,dart_PurchaseOfLongTermFinancialInstruments,장기금융상품의 증가,"12,314,725,000","2,956,000,000","2,100,000,000"
"현금흐름표, 간접법 - 연결재무제표",[080160],모두투어,코스닥시장상장법인,752,여행사 및 기타 여행보조 서비스업,12,2020-12-31,사업보고서,KRW,dart_DecreaseInGuaranteeDeposits,보증금의 감소,"1,548,901,333","421,487,200","434,455,500"
"현금흐름표, 간접법 - 연결재무제표",[080160],모두투어,코스닥시장상장법인,752,여행사 및 기타 여행보조 서비스업,12,2020-12-31,사업보고서,KRW,dart_IncreaseInGuaranteeDeposits,보증금의 증가,"49,570,010","341,969,523","920,027,942"
"현금흐름표, 간접법 - 연결재무제표",[080160],모두투어,코스닥시장상장법인,752,여행사 및 기타 여행보조 서비스업,12,2020-12-31,사업보고서,KRW,dart_ProceedsFromSalesOfShortTermLoansAndReceivables,단기대여금의 감소,,"8,300,000,000","100,000,000"
"현금흐름표, 간접법 - 연결재무제표",[080160],모두투어,코스닥시장상장법인,752,여행사 및 기타 여행보조 서비스업,12,2020-12-31,사업보고서,KRW,dart_PurchaseOfShortTermLoansAndReceivables,단기대여금의 증가,"202,097,856","5,028,264,500","1,730,000,000"
"현금흐름표, 간접법 - 연결재무제표",[080160],모두투어,코스닥시장상장법인,752,여행사 및 기타 여행보조 서비스업,12,2020-12-31,사업보고서,KRW,dart_ProceedsFromSalesOfLongTermLoansAndReceivables,장기대여금의 감소,,"4,900,000",
"현금흐름표, 간접법 - 연결재무제표",[080160],모두투어,코스닥시장상장법인,752,여행사 및 기타 여행보조 서비스업,12,2020-12-31,사업보고서,KRW,dart_PurchaseOfLongTermLoansAndReceivables,장기대여금의 증가,,"2,029,500,000",
"현금흐름표, 간접법 - 연결재무제표",[080160],모두투어,코스닥시장상장법인,752,여행사 및 기타 여행보조 서비스업,12,2020-12-31,사업보고서,KRW,dart_PurchaseOfLand,토지의 취득,,"8,768,807,651",
"현금흐름표, 간접법 - 연결재무제표",[080160],모두투어,코스닥시장상장법인,752,여행사 및 기타 여행보조 서비스업,12,2020-12-31,사업보고서,KRW,dart_PurchaseOfBuildings,건물의 취득,"627,808,682","15,379,272,755","661,922,000"
"현금흐름표, 간접법 - 연결재무제표",[080160],모두투어,코스닥시장상장법인,752,여행사 및 기타 여행보조 서비스업,12,2020-12-31,사업보고서,KRW,dart_PurchaseOfMachinery,기계장치의 취득,"27,650,000","38,650,000","83,013,817"
"현금흐름표, 간접법 - 연결재무제표",[080160],모두투어,코스닥시장상장법인,752,여행사 및 기타 여행보조 서비스업,12,2020-12-31,사업보고서,KRW,dart_ProceedsFromSalesOfOfficeEquipment,비품의 처분,"7,844,546","600,000","5,000,000"
"현금흐름표, 간접법 - 연결재무제표",[080160],모두투어,코스닥시장상장법인,752,여행사 및 기타 여행보조 서비스업,12,2020-12-31,사업보고서,KRW,dart_PurchaseOfOfficeEquipment,비품의 취득,"30,878,635","2,016,922,973","1,000,301,488"
"현금흐름표, 간접법 - 연결재무제표",[080160],모두투어,코스닥시장상장법인,752,여행사 및 기타 여행보조 서비스업,12,2020-12-31,사업보고서,KRW,entity00456218_udf_CF_202132015557992_CashFlowsFromUsedInInvestingActivities,시설장치의 처분,,,"3,600,000"
"현금흐름표, 간접법 - 연결재무제표",[080160],모두투어,코스닥시장상장법인,752,여행사 및 기타 여행보조 서비스업,12,2020-12-31,사업보고서,KRW,entity00456218_udf_CF_2021320155514983_CashFlowsFromUsedInInvestingActivities,시설장치의 취득,"-16,700,000","-7,950,000","-118,438,848"
"현금흐름표, 간접법 - 연결재무제표",[080160],모두투어,코스닥시장상장법인,752,여행사 및 기타 여행보조 서비스업,12,2020-12-31,사업보고서,KRW,dart_ProceedsFromSalesOfVehicles,차량운반구의 처분,"161,538,618",,"40,181,818"
"현금흐름표, 간접법 - 연결재무제표",[080160],모두투어,코스닥시장상장법인,752,여행사 및 기타 여행보조 서비스업,12,2020-12-31,사업보고서,KRW,dart_PurchaseOfVehicles,차량운반구의 취득,,"511,131,820",
"현금흐름표, 간접법 - 연결재무제표",[080160],모두투어,코스닥시장상장법인,752,여행사 및 기타 여행보조 서비스업,12,2020-12-31,사업보고서,KRW,dart_PurchaseOfConstructionInProgress,건설중인자산의 취득,,,"1,023,612,987"
"현금흐름표, 간접법 - 연결재무제표",[080160],모두투어,코스닥시장상장법인,752,여행사 및 기타 여행보조 서비스업,12,2020-12-31,사업보고서,KRW,dart_PurchaseOfComputerSoftware,소프트웨어의 취득,"2,041,250","148,908,000","199,997,000"
"현금흐름표, 간접법 - 연결재무제표",[080160],모두투어,코스닥시장상장법인,752,여행사 및 기타 여행보조 서비스업,12,2020-12-31,사업보고서,KRW,dart_PurchaseOfOtherIntangibleAssets,기타무형자산의 취득,,,"1,210,089"
"현금흐름표, 간접법 - 연결재무제표",[080160],모두투어,코스닥시장상장법인,752,여행사 및 기타 여행보조 서비스업,12,2020-12-31,사업보고서,KRW,entity00456218_udf_CF_20213201556656_CashFlowsFromUsedInInvestingActivities,리스채권의 감소(증가),"1,396,548,213","1,611,873,088",
"현금흐름표, 간접법 - 연결재무제표",[080160],모두투어,코스닥시장상장법인,752,여행사 및 기타 여행보조 서비스업,12,2020-12-31,사업보고서,KRW,entity00456218_udf_CF_2021320155616202_CashFlowsFromUsedInInvestingActivities,회원권의 취득,,"-6,044,285",
"현금흐름표, 간접법 - 연결재무제표",[080160],모두투어,코스닥시장상장법인,752,여행사 및 기타 여행보조 서비스업,12,2020-12-31,사업보고서,KRW,entity00456218_udf_CF_202132015562687_CashFlowsFromUsedInInvestingActivities,전신전화가입권의 증가,,,"-840,000"
"현금흐름표, 간접법 - 연결재무제표",[080160],모두투어,코스닥시장상장법인,752,여행사 및 기타 여행보조 서비스업,12,2020-12-31,사업보고서,KRW,entity00456218_udf_CF_2021320155638570_CashFlowsFromUsedInInvestingActivities,기타포괄손익-공정가치 금융자산의 처분,,"80,000,000",
"현금흐름표, 간접법 - 연결재무제표",[080160],모두투어,코스닥시장상장법인,752,여행사 및 기타 여행보조 서비스업,12,2020-12-31,사업보고서,KRW,entity00456218_udf_CF_202132015564855_CashFlowsFromUsedInInvestingActivities,기타포괄손익-공정가치 금융자산의 취득,"-150,000,000","-600,000,000","-1,050,000,000"
"현금흐름표, 간접법 - 연결재무제표",[080160],모두투어,코스닥시장상장법인,752,여행사 및 기타 여행보조 서비스업,12,2020-12-31,사업보고서,KRW,entity00456218_udf_CF_2021320155659464_CashFlowsFromUsedInInvestingActivities,당기손익-공정가치 금융자산의 취득,,"-6,500,000,000","-5,000,000,000"
"현금흐름표, 간접법 - 연결재무제표",[080160],모두투어,코스닥시장상장법인,752,여행사 및 기타 여행보조 서비스업,12,2020-12-31,사업보고서,KRW,dart_ProceedsFromSalesOfInvestmentsInAssociates,관계기업에 대한 투자자산의 처분,"3,504,140,000",,
"현금흐름표, 간접법 - 연결재무제표",[080160],모두투어,코스닥시장상장법인,752,여행사 및 기타 여행보조 서비스업,12,2020-12-31,사업보고서,KRW,dart_PurchaseOfInvestmentsInAssociates,관계기업에 대한 투자자산의 취득,,"637,084,716","72,395,000"
"현금흐름표, 간접법 - 연결재무제표",[080160],모두투어,코스닥시장상장법인,752,여행사 및 기타 여행보조 서비스업,12,2020-12-31,사업보고서,KRW,ifrs-full_CashFlowsUsedInObtainingControlOfSubsidiariesOrOtherBusinessesClassifiedAsInvestingActivities,종속기업의 취득으로 인한 순증감,,,"-945,290,573"
"현금흐름표, 간접법 - 연결재무제표",[080160],모두투어,코스닥시장상장법인,752,여행사 및 기타 여행보조 서비스업,12,2020-12-31,사업보고서,KRW,ifrs-full_CashFlowsFromLosingControlOfSubsidiariesOrOtherBusinessesClassifiedAsInvestingActivities,종속기업의 처분으로 인한 순증감,,,"-153,708,235"
"현금흐름표, 간접법 - 연결재무제표",[080160],모두투어,코스닥시장상장법인,752,여행사 및 기타 여행보조 서비스업,12,2020-12-31,사업보고서,KRW,ifrs-full_CashFlowsFromUsedInFinancingActivities,재무활동현금흐름,"-4,752,916,513","7,995,977,750","-12,774,580,118"
"현금흐름표, 간접법 - 연결재무제표",[080160],모두투어,코스닥시장상장법인,752,여행사 및 기타 여행보조 서비스업,12,2020-12-31,사업보고서,KRW,dart_ProceedsFromShortTermBorrowings,단기차입금의 증가,"150,000,000",,"18,330,000,000"
"현금흐름표, 간접법 - 연결재무제표",[080160],모두투어,코스닥시장상장법인,752,여행사 및 기타 여행보조 서비스업,12,2020-12-31,사업보고서,KRW,dart_RepaymentsOfShortTermBorrowings,단기차입금의 감소,,"500,000,000","31,165,000,000"
"현금흐름표, 간접법 - 연결재무제표",[080160],모두투어,코스닥시장상장법인,752,여행사 및 기타 여행보조 서비스업,12,2020-12-31,사업보고서,KRW,dart_IncreaseInGuaranteeDepositsAsFinancialActivities,임대보증금의 증가,"103,000,000","100,000,000","50,000,000"
"현금흐름표, 간접법 - 연결재무제표",[080160],모두투어,코스닥시장상장법인,752,여행사 및 기타 여행보조 서비스업,12,2020-12-31,사업보고서,KRW,dart_DecreaseInGuaranteeDepositsAsFinancialActivities,임대보증금의 감소,"85,000,000","30,000,000",
"현금흐름표, 간접법 - 연결재무제표",[080160],모두투어,코스닥시장상장법인,752,여행사 및 기타 여행보조 서비스업,12,2020-12-31,사업보고서,KRW,entity00456218_udf_CF_2021320161215120_CashFlowsFromUsedInFinancingActivities,유동성장기차입금의 감소,"-78,361,171","-22,267,031,365","-736,400,000"
"현금흐름표, 간접법 - 연결재무제표",[080160],모두투어,코스닥시장상장법인,752,여행사 및 기타 여행보조 서비스업,12,2020-12-31,사업보고서,KRW,dart_ProceedsFromLongTermBorrowings,장기차입금의 증가,"7,401,000,000","48,160,000,000","2,500,000,000"
"현금흐름표, 간접법 - 연결재무제표",[080160],모두투어,코스닥시장상장법인,752,여행사 및 기타 여행보조 서비스업,12,2020-12-31,사업보고서,KRW,dart_RepaymentsOfLongTermBorrowings,장기차입금의 감소,,,"3,356,140,737"
"현금흐름표, 간접법 - 연결재무제표",[080160],모두투어,코스닥시장상장법인,752,여행사 및 기타 여행보조 서비스업,12,2020-12-31,사업보고서,KRW,ifrs-full_DividendsPaidClassifiedAsFinancingActivities,배당금의 지급,"2,882,714,040","6,643,664,330","8,531,836,990"
"현금흐름표, 간접법 - 연결재무제표",[080160],모두투어,코스닥시장상장법인,752,여행사 및 기타 여행보조 서비스업,12,2020-12-31,사업보고서,KRW,dart_AcquisitionOfTreasuryShares,자기주식의 취득,"3,613,408,440","5,943,779,550","6,778,061,700"
"현금흐름표, 간접법 - 연결재무제표",[080160],모두투어,코스닥시장상장법인,752,여행사 및 기타 여행보조 서비스업,12,2020-12-31,사업보고서,KRW,dart_DispositionOfTreasuryShares,자기주식의 처분,,"1,305,885,350",
"현금흐름표, 간접법 - 연결재무제표",[080160],모두투어,코스닥시장상장법인,752,여행사 및 기타 여행보조 서비스업,12,2020-12-31,사업보고서,KRW,entity00456218_udf_CF_2021320161333992_CashFlowsFromUsedInFinancingActivities,리스부채의 상환,"-5,727,932,862","-6,185,432,355",
"현금흐름표, 간접법 - 연결재무제표",[080160],모두투어,코스닥시장상장법인,752,여행사 및 기타 여행보조 서비스업,12,2020-12-31,사업보고서,KRW,dart_RepaymentsOfBondWithWarrant,신주인수권부사채의 상환,"19,500,000",,"16,784,531"
"현금흐름표, 간접법 - 연결재무제표",[080160],모두투어,코스닥시장상장법인,752,여행사 및 기타 여행보조 서비스업,12,2020-12-31,사업보고서,KRW,dart_ProceedsFromBonds,사채의 발행,,,"16,929,643,840"
"현금흐름표, 간접법 - 연결재무제표",[080160],모두투어,코스닥시장상장법인,752,여행사 및 기타 여행보조 서비스업,12,2020-12-31,사업보고서,KRW,ifrs-full_EffectOfExchangeRateChangesOnCashAndCashEquivalents,현금및현금성자산에 대한 환율변동효과,"-44,382,556","-625,297,494","692,460,964"
"현금흐름표, 간접법 - 연결재무제표",[080160],모두투어,코스닥시장상장법인,752,여행사 및 기타 여행보조 서비스업,12,2020-12-31,사업보고서,KRW,ifrs-full_IncreaseDecreaseInCashAndCashEquivalents,현금및현금성자산의순증가(감소),"-43,864,424,281","-2,657,016,792","4,038,123,897"
"현금흐름표, 간접법 - 연결재무제표",[080160],모두투어,코스닥시장상장법인,752,여행사 및 기타 여행보조 서비스업,12,2020-12-31,사업보고서,KRW,entity00456218_udf_CF_2021320161620760_StatementOfCashFlowsAbstract,연결기업의 변동,,"2,505,827,866",
"현금흐름표, 간접법 - 연결재무제표",[080160],모두투어,코스닥시장상장법인,752,여행사 및 기타 여행보조 서비스업,12,2020-12-31,사업보고서,KRW,dart_CashAndCashEquivalentsAtBeginningOfPeriodCf,기초현금및현금성자산,"57,026,663,528","57,177,852,454","53,139,728,557"
"현금흐름표, 간접법 - 연결재무제표",[080160],모두투어,코스닥시장상장법인,752,여행사 및 기타 여행보조 서비스업,12,2020-12-31,사업보고서,KRW,dart_CashAndCashEquivalentsAtEndOfPeriodCf,기말현금및현금성자산,"13,162,239,247","57,026,663,528","57,177,852,454"
"현금흐름표, 간접법 - 연결재무제표",[039310],세중,코스닥시장상장법인,752,여행사 및 기타 여행보조 서비스업,12,2020-12-31,사업보고서,KRW,ifrs-full_CashFlowsFromUsedInOperatingActivities,영업활동현금흐름,"10,404,212,109","4,420,246,640","6,809,300,029"
"현금흐름표, 간접법 - 연결재무제표",[039310],세중,코스닥시장상장법인,752,여행사 및 기타 여행보조 서비스업,12,2020-12-31,사업보고서,KRW,dart_ProfitLossForStatementOfCashFlows,당기순이익(손실),"771,267,566","2,311,227,880","-1,003,471,389"
"현금흐름표, 간접법 - 연결재무제표",[039310],세중,코스닥시장상장법인,752,여행사 및 기타 여행보조 서비스업,12,2020-12-31,사업보고서,KRW,ifrs-full_AdjustmentsForReconcileProfitLoss,순이익 조정항목,"4,152,540,280","3,131,712,512","5,216,445,566"
"현금흐름표, 간접법 - 연결재무제표",[039310],세중,코스닥시장상장법인,752,여행사 및 기타 여행보조 서비스업,12,2020-12-31,사업보고서,KRW,dart_AdjustmentsForAssetsLiabilitiesOfOperatingActivities,영업활동으로인한자산ㆍ부채의변동,"6,288,708,787","-348,942,423","2,469,227,068"
"현금흐름표, 간접법 - 연결재무제표",[039310],세중,코스닥시장상장법인,752,여행사 및 기타 여행보조 서비스업,12,2020-12-31,사업보고서,KRW,ifrs-full_InterestReceivedClassifiedAsOperatingActivities,이자수취(영업),"407,162,983","661,397,127","515,350,390"
"현금흐름표, 간접법 - 연결재무제표",[039310],세중,코스닥시장상장법인,752,여행사 및 기타 여행보조 서비스업,12,2020-12-31,사업보고서,KRW,ifrs-full_InterestPaidClassifiedAsOperatingActivities,이자지급(영업),"294,369,525","175,350,817","64,020,895"
"현금흐름표, 간접법 - 연결재무제표",[039310],세중,코스닥시장상장법인,752,여행사 및 기타 여행보조 서비스업,12,2020-12-31,사업보고서,KRW,ifrs-full_DividendsReceivedClassifiedAsOperatingActivities,배당금수취(영업),"19,722,750","38,555,900","20,251,000"
"현금흐름표, 간접법 - 연결재무제표",[039310],세중,코스닥시장상장법인,752,여행사 및 기타 여행보조 서비스업,12,2020-12-31,사업보고서,KRW,ifrs-full_IncomeTaxesPaidRefundClassifiedAsOperatingActivities,법인세납부(환급),"940,820,732","1,198,353,539","344,481,711"
"현금흐름표, 간접법 - 연결재무제표",[039310],세중,코스닥시장상장법인,752,여행사 및 기타 여행보조 서비스업,12,2020-12-31,사업보고서,KRW,ifrs-full_CashFlowsFromUsedInInvestingActivities,투자활동현금흐름,"-11,987,900,311","-14,962,601,928","-13,673,506,273"
"현금흐름표, 간접법 - 연결재무제표",[039310],세중,코스닥시장상장법인,752,여행사 및 기타 여행보조 서비스업,12,2020-12-31,사업보고서,KRW,dart_ProceedsFromSalesOfShortTermFinancialInstruments,단기금융상품의 순감소(증가),"4,105,345,335","546,753,182","-10,870,024,878"
"현금흐름표, 간접법 - 연결재무제표",[039310],세중,코스닥시장상장법인,752,여행사 및 기타 여행보조 서비스업,12,2020-12-31,사업보고서,KRW,dart_ProceedsFromSalesOfLongTermFinancialInstruments,장기금융상품의 감소,"1,390,986,777","6,028,907","719,204,418"
"현금흐름표, 간접법 - 연결재무제표",[039310],세중,코스닥시장상장법인,752,여행사 및 기타 여행보조 서비스업,12,2020-12-31,사업보고서,KRW,dart_PurchaseOfLongTermFinancialInstruments,장기금융상품의 증가,"4,250,260,000","270,082,496","306,337,348"
"현금흐름표, 간접법 - 연결재무제표",[039310],세중,코스닥시장상장법인,752,여행사 및 기타 여행보조 서비스업,12,2020-12-31,사업보고서,KRW,dart_ProceedsFromSalesOfCurrentFairValueFinancialAsset,당기손익-공정가치측정금융자산의 처분,"3,682,036,840","5,096,084,040","3,191,566,570"
"현금흐름표, 간접법 - 연결재무제표",[039310],세중,코스닥시장상장법인,752,여행사 및 기타 여행보조 서비스업,12,2020-12-31,사업보고서,KRW,dart_PurchaseOfCurrentFairValueFinancialAsset,당기손익-공정가치측정금융자산의 취득,"1,702,917,665","3,124,853,864","6,549,442,350"
"현금흐름표, 간접법 - 연결재무제표",[039310],세중,코스닥시장상장법인,752,여행사 및 기타 여행보조 서비스업,12,2020-12-31,사업보고서,KRW,entity00264671_udf_CF_201932815530585_CashFlowsFromUsedInInvestingActivities,종속기업투자의 처분,,"12,000,000",
"현금흐름표, 간접법 - 연결재무제표",[039310],세중,코스닥시장상장법인,752,여행사 및 기타 여행보조 서비스업,12,2020-12-31,사업보고서,KRW,entity00264671_udf_CF_20193281819520_CashFlowsFromUsedInInvestingActivities,종속기업투자의 취득,"4,293,000,000",,
"현금흐름표, 간접법 - 연결재무제표",[039310],세중,코스닥시장상장법인,752,여행사 및 기타 여행보조 서비스업,12,2020-12-31,사업보고서,KRW,ifrs-full_ProceedsFromSalesOfPropertyPlantAndEquipmentClassifiedAsInvestingActivities,유형자산의 처분,"125,590,909","10,752,933","143,357,274"
"현금흐름표, 간접법 - 연결재무제표",[039310],세중,코스닥시장상장법인,752,여행사 및 기타 여행보조 서비스업,12,2020-12-31,사업보고서,KRW,ifrs-full_PurchaseOfPropertyPlantAndEquipmentClassifiedAsInvestingActivities,유형자산의 취득,"10,372,920,433","19,377,757,684","86,962,339"
"현금흐름표, 간접법 - 연결재무제표",[039310],세중,코스닥시장상장법인,752,여행사 및 기타 여행보조 서비스업,12,2020-12-31,사업보고서,KRW,ifrs-full_ProceedsFromSalesOfIntangibleAssetsClassifiedAsInvestingActivities,무형자산의 처분,"48,500,000","320,000,000",
"현금흐름표, 간접법 - 연결재무제표",[039310],세중,코스닥시장상장법인,752,여행사 및 기타 여행보조 서비스업,12,2020-12-31,사업보고서,KRW,ifrs-full_PurchaseOfIntangibleAssetsClassifiedAsInvestingActivities,무형자산의 취득,,"73,000,000","40,000,000"
"현금흐름표, 간접법 - 연결재무제표",[039310],세중,코스닥시장상장법인,752,여행사 및 기타 여행보조 서비스업,12,2020-12-31,사업보고서,KRW,dart_DecreaseInLoans,단기대여금의 감소(증가),"24,279,167","16,000,000",
"현금흐름표, 간접법 - 연결재무제표",[039310],세중,코스닥시장상장법인,752,여행사 및 기타 여행보조 서비스업,12,2020-12-31,사업보고서,KRW,dart_PurchaseOfLongTermLoansAndReceivables,장기대여금의 증가,"755,000,000","107,879,167",
"현금흐름표, 간접법 - 연결재무제표",[039310],세중,코스닥시장상장법인,752,여행사 및 기타 여행보조 서비스업,12,2020-12-31,사업보고서,KRW,dart_DecreaseInGuaranteeDeposits,임차보증금의 감소,"39,458,759","2,237,748,531","429,758,685"
"현금흐름표, 간접법 - 연결재무제표",[039310],세중,코스닥시장상장법인,752,여행사 및 기타 여행보조 서비스업,12,2020-12-31,사업보고서,KRW,dart_IncreaseInGuaranteeDeposits,임차보증금의 증가,"30,000,000","254,396,310","304,626,305"
"현금흐름표, 간접법 - 연결재무제표",[039310],세중,코스닥시장상장법인,752,여행사 및 기타 여행보조 서비스업,12,2020-12-31,사업보고서,KRW,ifrs-full_CashFlowsFromUsedInFinancingActivities,재무활동현금흐름,"-4,064,194,391","13,876,969,991","-2,270,000,000"
"현금흐름표, 간접법 - 연결재무제표",[039310],세중,코스닥시장상장법인,752,여행사 및 기타 여행보조 서비스업,12,2020-12-31,사업보고서,KRW,dart_ProceedsFromShortTermBorrowings,단기차입금의 순증가(감소),"11,000,000,000","4,000,000,000","-2,000,000,000"
"현금흐름표, 간접법 - 연결재무제표",[039310],세중,코스닥시장상장법인,752,여행사 및 기타 여행보조 서비스업,12,2020-12-31,사업보고서,KRW,entity00264671_udf_CF_20193281876683_CashFlowsFromUsedInFinancingActivities,리스차입금의 상환,"-15,000,000,000",,
"현금흐름표, 간접법 - 연결재무제표",[039310],세중,코스닥시장상장법인,752,여행사 및 기타 여행보조 서비스업,12,2020-12-31,사업보고서,KRW,dart_ProceedsFromLongTermBorrowings,장기차입금의 증가,,"10,000,000,000",
"현금흐름표, 간접법 - 연결재무제표",[039310],세중,코스닥시장상장법인,752,여행사 및 기타 여행보조 서비스업,12,2020-12-31,사업보고서,KRW,entity00264671_udf_CF_20193281872539_CashFlowsFromUsedInFinancingActivities,유동성장기부채의 상환,,,"-110,000,000"
"현금흐름표, 간접법 - 연결재무제표",[039310],세중,코스닥시장상장법인,752,여행사 및 기타 여행보조 서비스업,12,2020-12-31,사업보고서,KRW,entity00264671_udf_CF_2020324151530762_CashFlowsFromUsedInFinancingActivities,리스부채의 감소,"-74,194,391","-70,062,009",
"현금흐름표, 간접법 - 연결재무제표",[039310],세중,코스닥시장상장법인,752,여행사 및 기타 여행보조 서비스업,12,2020-12-31,사업보고서,KRW,dart_IncreaseInGuaranteeDepositsAsFinancialActivities,임대보증금의 증가,"10,000,000","-52,968,000",
"현금흐름표, 간접법 - 연결재무제표",[039310],세중,코스닥시장상장법인,752,여행사 및 기타 여행보조 서비스업,12,2020-12-31,사업보고서,KRW,entity00264671_udf_CF_201932818753139_CashFlowsFromUsedInFinancingActivities,배당금의 지급,,,"-160,000,000"
"현금흐름표, 간접법 - 연결재무제표",[039310],세중,코스닥시장상장법인,752,여행사 및 기타 여행보조 서비스업,12,2020-12-31,사업보고서,KRW,ifrs-full_EffectOfExchangeRateChangesOnCashAndCashEquivalents,현금및현금성자산에 대한 환율변동효과,"-451,625,549","-159,712,431","42,764,531"
"현금흐름표, 간접법 - 연결재무제표",[039310],세중,코스닥시장상장법인,752,여행사 및 기타 여행보조 서비스업,12,2020-12-31,사업보고서,KRW,ifrs-full_IncreaseDecreaseInCashAndCashEquivalents,현금및현금성자산의순감소(증가),"-6,099,508,142","3,174,902,272","-9,091,441,713"
"현금흐름표, 간접법 - 연결재무제표",[039310],세중,코스닥시장상장법인,752,여행사 및 기타 여행보조 서비스업,12,2020-12-31,사업보고서,KRW,dart_CashAndCashEquivalentsAtBeginningOfPeriodCf,기초현금및현금성자산,"26,475,252,306","23,300,350,034","32,391,791,747"
"현금흐름표, 간접법 - 연결재무제표",[039310],세중,코스닥시장상장법인,752,여행사 및 기타 여행보조 서비스업,12,2020-12-31,사업보고서,KRW,dart_CashAndCashEquivalentsAtEndOfPeriodCf,기말현금및현금성자산,"20,375,744,164","26,475,252,306","23,300,350,034"
"현금흐름표, 간접법 - 연결재무제표",[039130],하나투어,유가증권시장상장법인,752,여행사 및 기타 여행보조 서비스업,12,2020-12-31,사업보고서,KRW,ifrs-full_CashFlowsFromUsedInOperatingActivities,영업활동으로 인한 현금흐름,"-132,868,025,189","28,641,287,073","20,215,985,004"
"현금흐름표, 간접법 - 연결재무제표",[039130],하나투어,유가증권시장상장법인,752,여행사 및 기타 여행보조 서비스업,12,2020-12-31,사업보고서,KRW,ifrs-full_AdjustmentsForReconcileProfitLoss,영업활동에서 창출된 현금흐름,"-122,379,511,882","44,877,862,370","48,857,862,781"
"현금흐름표, 간접법 - 연결재무제표",[039130],하나투어,유가증권시장상장법인,752,여행사 및 기타 여행보조 서비스업,12,2020-12-31,사업보고서,KRW,entity00269940_udf_CF_2021311155711530_AdjustmentsForReconcileProfitLoss,당기순이익(손실),"-218,571,039,912","-11,951,851,519","10,586,797,669"
"현금흐름표, 간접법 - 연결재무제표",[039130],하나투어,유가증권시장상장법인,752,여행사 및 기타 여행보조 서비스업,12,2020-12-31,사업보고서,KRW,dart_AdjustmentsForOtherLossesWithoutCashFlowOut,현금의 유출이 없는 비용 등의 가산,"157,573,132,934","125,395,546,887","57,970,117,858"
"현금흐름표, 간접법 - 연결재무제표",[039130],하나투어,유가증권시장상장법인,752,여행사 및 기타 여행보조 서비스업,12,2020-12-31,사업보고서,KRW,dart_AdjustmentsForOtherGainsWithoutCashFlowIn,현금의 유입이 없는 수익 등의 차감,"6,077,486,026","9,150,771,279","5,503,101,367"
"현금흐름표, 간접법 - 연결재무제표",[039130],하나투어,유가증권시장상장법인,752,여행사 및 기타 여행보조 서비스업,12,2020-12-31,사업보고서,KRW,entity00269940_udf_CF_202131117535546_AdjustmentsForReconcileProfitLoss,영업활동으로인한자산ㆍ부채의변동,"-55,304,118,878","-59,415,061,719","-14,195,951,379"
"현금흐름표, 간접법 - 연결재무제표",[039130],하나투어,유가증권시장상장법인,752,여행사 및 기타 여행보조 서비스업,12,2020-12-31,사업보고서,KRW,entity00269940_udf_CF_20213111754464_udf_CF_202131117535546_AdjustmentsForReconcileProfitLoss,매출채권의 감소(증가),"72,070,030,544","7,011,916,895","-3,405,726,083"
"현금흐름표, 간접법 - 연결재무제표",[039130],하나투어,유가증권시장상장법인,752,여행사 및 기타 여행보조 서비스업,12,2020-12-31,사업보고서,KRW,entity00269940_udf_CF_2021311175447829_udf_CF_202131117535546_AdjustmentsForReconcileProfitLoss,기타채권의 감소(증가),"2,726,122,780","667,324,743","-1,056,388,258"
"현금흐름표, 간접법 - 연결재무제표",[039130],하나투어,유가증권시장상장법인,752,여행사 및 기타 여행보조 서비스업,12,2020-12-31,사업보고서,KRW,entity00269940_udf_CF_2021311175533184_udf_CF_202131117535546_AdjustmentsForReconcileProfitLoss,재고자산의 감소,"28,683,517,847","17,324,541,113","4,707,602,177"
"현금흐름표, 간접법 - 연결재무제표",[039130],하나투어,유가증권시장상장법인,752,여행사 및 기타 여행보조 서비스업,12,2020-12-31,사업보고서,KRW,entity00269940_udf_CF_2021311175552407_udf_CF_202131117535546_AdjustmentsForReconcileProfitLoss,선급금의 감소(증가),"22,781,087,072","-2,650,064,605","-7,054,711,369"
"현금흐름표, 간접법 - 연결재무제표",[039130],하나투어,유가증권시장상장법인,752,여행사 및 기타 여행보조 서비스업,12,2020-12-31,사업보고서,KRW,entity00269940_udf_CF_2021311175613224_udf_CF_202131117535546_AdjustmentsForReconcileProfitLoss,장기선급금의 감소(증가),0,"-9,472,559,033","1,906,000,000"
"현금흐름표, 간접법 - 연결재무제표",[039130],하나투어,유가증권시장상장법인,752,여행사 및 기타 여행보조 서비스업,12,2020-12-31,사업보고서,KRW,entity00269940_udf_CF_2021311175620646_udf_CF_202131117535546_AdjustmentsForReconcileProfitLoss,기타유동자산의 감소(증가),"6,201,879,327","-438,815,897","-2,686,543,806"
"현금흐름표, 간접법 - 연결재무제표",[039130],하나투어,유가증권시장상장법인,752,여행사 및 기타 여행보조 서비스업,12,2020-12-31,사업보고서,KRW,entity00269940_udf_CF_202131117564161_udf_CF_202131117535546_AdjustmentsForReconcileProfitLoss,기타비유동자산의 증가,"-21,344,681","-508,764,554","-8,020,139"
"현금흐름표, 간접법 - 연결재무제표",[039130],하나투어,유가증권시장상장법인,752,여행사 및 기타 여행보조 서비스업,12,2020-12-31,사업보고서,KRW,entity00269940_udf_CF_202131117565596_udf_CF_202131117535546_AdjustmentsForReconcileProfitLoss,매입채무의 감소,"-59,455,333,740","-32,701,318,647","-4,121,028,195"
"현금흐름표, 간접법 - 연결재무제표",[039130],하나투어,유가증권시장상장법인,752,여행사 및 기타 여행보조 서비스업,12,2020-12-31,사업보고서,KRW,entity00269940_udf_CF_2021311175717832_udf_CF_202131117535546_AdjustmentsForReconcileProfitLoss,기타채무의 감소,"-29,127,074,984","-3,324,301,088","-1,196,701,762"
"현금흐름표, 간접법 - 연결재무제표",[039130],하나투어,유가증권시장상장법인,752,여행사 및 기타 여행보조 서비스업,12,2020-12-31,사업보고서,KRW,entity00269940_udf_CF_202131117572988_udf_CF_202131117535546_AdjustmentsForReconcileProfitLoss,관광수탁금의 감소(증가),"-89,194,333,043","-29,632,734,226","6,840,329,701"
"현금흐름표, 간접법 - 연결재무제표",[039130],하나투어,유가증권시장상장법인,752,여행사 및 기타 여행보조 서비스업,12,2020-12-31,사업보고서,KRW,entity00269940_udf_CF_2021311175740463_udf_CF_202131117535546_AdjustmentsForReconcileProfitLoss,선수금의 증가(감소),"4,237,516,847","-3,720,082,298","2,094,463,009"
"현금흐름표, 간접법 - 연결재무제표",[039130],하나투어,유가증권시장상장법인,752,여행사 및 기타 여행보조 서비스업,12,2020-12-31,사업보고서,KRW,entity00269940_udf_CF_2021311175756382_udf_CF_202131117535546_AdjustmentsForReconcileProfitLoss,충당부채의 감소,"-1,421,352,481","-1,439,176,511","-1,476,967,119"
"현금흐름표, 간접법 - 연결재무제표",[039130],하나투어,유가증권시장상장법인,752,여행사 및 기타 여행보조 서비스업,12,2020-12-31,사업보고서,KRW,entity00269940_udf_CF_2021311175821170_udf_CF_202131117535546_AdjustmentsForReconcileProfitLoss,기타금융부채(유동)의 증가(감소),"-433,002,809","4,289,422,846","-144,271,602"
"현금흐름표, 간접법 - 연결재무제표",[039130],하나투어,유가증권시장상장법인,752,여행사 및 기타 여행보조 서비스업,12,2020-12-31,사업보고서,KRW,entity00269940_udf_CF_2021311175824800_udf_CF_202131117535546_AdjustmentsForReconcileProfitLoss,기타유동부채의 감소,"-11,924,106,595","-7,376,238,102","-9,040,406,001"
"현금흐름표, 간접법 - 연결재무제표",[039130],하나투어,유가증권시장상장법인,752,여행사 및 기타 여행보조 서비스업,12,2020-12-31,사업보고서,KRW,entity00269940_udf_CF_2021311175823878_udf_CF_202131117535546_AdjustmentsForReconcileProfitLoss,장기성기타채무의 증가(감소),"-398,384,620","2,711,287,645","556,418,068"
"현금흐름표, 간접법 - 연결재무제표",[039130],하나투어,유가증권시장상장법인,752,여행사 및 기타 여행보조 서비스업,12,2020-12-31,사업보고서,KRW,entity00269940_udf_CF_2021311175822976_udf_CF_202131117535546_AdjustmentsForReconcileProfitLoss,장기종업원급여채무의 감소,"-29,340,342","-155,500,000","-110,000,000"
"현금흐름표, 간접법 - 연결재무제표",[039130],하나투어,유가증권시장상장법인,752,여행사 및 기타 여행보조 서비스업,12,2020-12-31,사업보고서,KRW,ifrs-full_InterestPaidClassifiedAsOperatingActivities,이자 지급,"8,658,313,718","10,926,054,928","1,249,046,890"
"현금흐름표, 간접법 - 연결재무제표",[039130],하나투어,유가증권시장상장법인,752,여행사 및 기타 여행보조 서비스업,12,2020-12-31,사업보고서,KRW,ifrs-full_InterestReceivedClassifiedAsOperatingActivities,이자 수취,"1,923,041,860","3,107,323,512","3,417,042,424"
"현금흐름표, 간접법 - 연결재무제표",[039130],하나투어,유가증권시장상장법인,752,여행사 및 기타 여행보조 서비스업,12,2020-12-31,사업보고서,KRW,ifrs-full_DividendsReceivedClassifiedAsOperatingActivities,배당금 수취,"553,871,883","512,010,293","119,157,530"
"현금흐름표, 간접법 - 연결재무제표",[039130],하나투어,유가증권시장상장법인,752,여행사 및 기타 여행보조 서비스업,12,2020-12-31,사업보고서,KRW,ifrs-full_IncomeTaxesPaidRefundClassifiedAsOperatingActivities,법인세 납부,"4,307,113,332","8,929,854,174","30,929,030,841"
"현금흐름표, 간접법 - 연결재무제표",[039130],하나투어,유가증권시장상장법인,752,여행사 및 기타 여행보조 서비스업,12,2020-12-31,사업보고서,KRW,ifrs-full_CashFlowsFromUsedInInvestingActivities,투자활동으로 인한 현금흐름,"87,033,704,497","-112,728,591,737","-130,989,666,948"
"현금흐름표, 간접법 - 연결재무제표",[039130],하나투어,유가증권시장상장법인,752,여행사 및 기타 여행보조 서비스업,12,2020-12-31,사업보고서,KRW,ifrs-full_OtherInflowsOutflowsOfCashClassifiedAsInvestingActivities,투자활동으로 인한 현금유입액,"225,687,831,792","309,509,951,096","103,329,610,463"
"현금흐름표, 간접법 - 연결재무제표",[039130],하나투어,유가증권시장상장법인,752,여행사 및 기타 여행보조 서비스업,12,2020-12-31,사업보고서,KRW,entity00269940_udf_CF_2021311161045512_OtherInflowsOutflowsOfCashClassifiedAsInvestingActivities,단기금융상품의 감소,"198,366,448,636","269,317,824,236","88,807,714,000"
"현금흐름표, 간접법 - 연결재무제표",[039130],하나투어,유가증권시장상장법인,752,여행사 및 기타 여행보조 서비스업,12,2020-12-31,사업보고서,KRW,entity00269940_udf_CF_20213151974172_OtherInflowsOutflowsOfCashClassifiedAsInvestingActivities,기타채권의 감소,"11,963,893","466,260,000","61,066,780"
"현금흐름표, 간접법 - 연결재무제표",[039130],하나투어,유가증권시장상장법인,752,여행사 및 기타 여행보조 서비스업,12,2020-12-31,사업보고서,KRW,entity00269940_udf_CF_202131116116328_OtherInflowsOutflowsOfCashClassifiedAsInvestingActivities,당기손익-공정가치측정금융자산의 처분,"1,813,577,923","10,052,783,280","9,426,372,740"
"현금흐름표, 간접법 - 연결재무제표",[039130],하나투어,유가증권시장상장법인,752,여행사 및 기타 여행보조 서비스업,12,2020-12-31,사업보고서,KRW,entity00269940_udf_CF_2021311161115935_OtherInflowsOutflowsOfCashClassifiedAsInvestingActivities,기타포괄손익-공정가치측정금융자산의 처분,"14,000,000",0,0
"현금흐름표, 간접법 - 연결재무제표",[039130],하나투어,유가증권시장상장법인,752,여행사 및 기타 여행보조 서비스업,12,2020-12-31,사업보고서,KRW,entity00269940_udf_CF_2021311161124119_OtherInflowsOutflowsOfCashClassifiedAsInvestingActivities,공동기업 및 관계기업투자자산의 처분,"200,995,000","537,160,000","1,313,240,000"
"현금흐름표, 간접법 - 연결재무제표",[039130],하나투어,유가증권시장상장법인,752,여행사 및 기타 여행보조 서비스업,12,2020-12-31,사업보고서,KRW,entity00269940_udf_CF_202131116252818_OtherInflowsOutflowsOfCashClassifiedAsInvestingActivities,종속기업의 처분,0,"5,201,270,039",0
"현금흐름표, 간접법 - 연결재무제표",[039130],하나투어,유가증권시장상장법인,752,여행사 및 기타 여행보조 서비스업,12,2020-12-31,사업보고서,KRW,entity00269940_udf_CF_2021311162819740_OtherInflowsOutflowsOfCashClassifiedAsInvestingActivities,유형자산의 처분,"5,798,643,007","18,146,478,095","803,046,691"
"현금흐름표, 간접법 - 연결재무제표",[039130],하나투어,유가증권시장상장법인,752,여행사 및 기타 여행보조 서비스업,12,2020-12-31,사업보고서,KRW,entity00269940_udf_CF_2021311162831283_OtherInflowsOutflowsOfCashClassifiedAsInvestingActivities,무형자산의 처분,0,"5,488,824","22,870,789"
"현금흐름표, 간접법 - 연결재무제표",[039130],하나투어,유가증권시장상장법인,752,여행사 및 기타 여행보조 서비스업,12,2020-12-31,사업보고서,KRW,entity00269940_udf_CF_2021311162840625_OtherInflowsOutflowsOfCashClassifiedAsInvestingActivities,취득중인 무형자산의 처분,"35,400,719","2,772,818",0
"현금흐름표, 간접법 - 연결재무제표",[039130],하나투어,유가증권시장상장법인,752,여행사 및 기타 여행보조 서비스업,12,2020-12-31,사업보고서,KRW,entity00269940_udf_CF_2021311162857787_OtherInflowsOutflowsOfCashClassifiedAsInvestingActivities,금융리스채권의 감소,"1,272,889,109","2,213,198,330","686,050,598"
"현금흐름표, 간접법 - 연결재무제표",[039130],하나투어,유가증권시장상장법인,752,여행사 및 기타 여행보조 서비스업,12,2020-12-31,사업보고서,KRW,entity00269940_udf_CF_2021311162940946_OtherInflowsOutflowsOfCashClassifiedAsInvestingActivities,기타금융자산의 감소,"14,673,913,505","3,566,715,474","2,209,248,865"
"현금흐름표, 간접법 - 연결재무제표",[039130],하나투어,유가증권시장상장법인,752,여행사 및 기타 여행보조 서비스업,12,2020-12-31,사업보고서,KRW,entity00269940_udf_CF_20213111629523_OtherInflowsOutflowsOfCashClassifiedAsInvestingActivities,매각예정자산의 처분,"3,500,000,000",0,0
"현금흐름표, 간접법 - 연결재무제표",[039130],하나투어,유가증권시장상장법인,752,여행사 및 기타 여행보조 서비스업,12,2020-12-31,사업보고서,KRW,entity00269940_udf_CF_202131116306747_CashFlowsFromUsedInInvestingActivities,투자활동으로 인한 현금유출액,"138,654,127,295","422,238,542,833","234,319,277,411"
"현금흐름표, 간접법 - 연결재무제표",[039130],하나투어,유가증권시장상장법인,752,여행사 및 기타 여행보조 서비스업,12,2020-12-31,사업보고서,KRW,entity00269940_udf_CF_2021311163033245_udf_CF_202131116306747_CashFlowsFromUsedInInvestingActivities,단기금융상품의 증가,"106,460,283,394","248,239,459,447","195,048,976,525"
"현금흐름표, 간접법 - 연결재무제표",[039130],하나투어,유가증권시장상장법인,752,여행사 및 기타 여행보조 서비스업,12,2020-12-31,사업보고서,KRW,entity00269940_udf_CF_202131519910210_udf_CF_202131116306747_CashFlowsFromUsedInInvestingActivities,기타채권의 증가,"1,477,276,360","6,305,600","449,275,970"
"현금흐름표, 간접법 - 연결재무제표",[039130],하나투어,유가증권시장상장법인,752,여행사 및 기타 여행보조 서비스업,12,2020-12-31,사업보고서,KRW,entity00269940_udf_CF_2021311163042419_udf_CF_202131116306747_CashFlowsFromUsedInInvestingActivities,당기손익-공정가치측정금융자산의 취득,"750,000,000","7,488,200,000","10,684,600,000"
"현금흐름표, 간접법 - 연결재무제표",[039130],하나투어,유가증권시장상장법인,752,여행사 및 기타 여행보조 서비스업,12,2020-12-31,사업보고서,KRW,entity00269940_udf_CF_2021311163053362_udf_CF_202131116306747_CashFlowsFromUsedInInvestingActivities,기타포괄손익-공정가치측정금융자산의 취득,"221,014","804,240,000","598,155,000"
"현금흐름표, 간접법 - 연결재무제표",[039130],하나투어,유가증권시장상장법인,752,여행사 및 기타 여행보조 서비스업,12,2020-12-31,사업보고서,KRW,entity00269940_udf_CF_202131116315234_udf_CF_202131116306747_CashFlowsFromUsedInInvestingActivities,공동기업 및 관계기업투자자산의 취득,0,"5,064,000,000","69,766,450"
"현금흐름표, 간접법 - 연결재무제표",[039130],하나투어,유가증권시장상장법인,752,여행사 및 기타 여행보조 서비스업,12,2020-12-31,사업보고서,KRW,entity00269940_udf_CF_2021311163116818_udf_CF_202131116306747_CashFlowsFromUsedInInvestingActivities,유형자산의 취득,"4,042,829,283","110,882,808,341","12,882,812,678"
"현금흐름표, 간접법 - 연결재무제표",[039130],하나투어,유가증권시장상장법인,752,여행사 및 기타 여행보조 서비스업,12,2020-12-31,사업보고서,KRW,entity00269940_udf_CF_202131118834129_udf_CF_202131116306747_CashFlowsFromUsedInInvestingActivities,투자자산의 취득,0,"6,924,547,733","222,081,106"
"현금흐름표, 간접법 - 연결재무제표",[039130],하나투어,유가증권시장상장법인,752,여행사 및 기타 여행보조 서비스업,12,2020-12-31,사업보고서,KRW,entity00269940_udf_CF_2021311163125674_udf_CF_202131116306747_CashFlowsFromUsedInInvestingActivities,무형자산의 취득,"16,971,961,710","28,512,858,676","6,602,326,638"
"현금흐름표, 간접법 - 연결재무제표",[039130],하나투어,유가증권시장상장법인,752,여행사 및 기타 여행보조 서비스업,12,2020-12-31,사업보고서,KRW,entity00269940_udf_CF_202131611296703_udf_CF_202131116306747_CashFlowsFromUsedInInvestingActivities,종속회사 주식의 취득,0,0,"50,000,000"
"현금흐름표, 간접법 - 연결재무제표",[039130],하나투어,유가증권시장상장법인,752,여행사 및 기타 여행보조 서비스업,12,2020-12-31,사업보고서,KRW,entity00269940_udf_CF_2021311163142980_udf_CF_202131116306747_CashFlowsFromUsedInInvestingActivities,선급리스자산의 취득,0,"3,498,000,000",0
"현금흐름표, 간접법 - 연결재무제표",[039130],하나투어,유가증권시장상장법인,752,여행사 및 기타 여행보조 서비스업,12,2020-12-31,사업보고서,KRW,entity00269940_udf_CF_2021311163247539_udf_CF_202131116306747_CashFlowsFromUsedInInvestingActivities,기타금융자산의 증가,"8,951,555,534","10,818,123,036","7,711,283,044"
"현금흐름표, 간접법 - 연결재무제표",[039130],하나투어,유가증권시장상장법인,752,여행사 및 기타 여행보조 서비스업,12,2020-12-31,사업보고서,KRW,ifrs-full_CashFlowsFromUsedInFinancingActivities,재무활동으로 인한 현금흐름,"37,942,472,612","28,588,195,221","36,858,339,245"
"현금흐름표, 간접법 - 연결재무제표",[039130],하나투어,유가증권시장상장법인,752,여행사 및 기타 여행보조 서비스업,12,2020-12-31,사업보고서,KRW,dart_ProceedsFromConsolidatedCapitalTransactions,재무활동으로 인한 현금유입액,"248,874,953,697","298,708,572,920","90,218,082,862"
"현금흐름표, 간접법 - 연결재무제표",[039130],하나투어,유가증권시장상장법인,752,여행사 및 기타 여행보조 서비스업,12,2020-12-31,사업보고서,KRW,entity00269940_udf_CF_2021311163510860_ProceedsFromConsolidatedCapitalTransactions,단기차입금의 차입,"107,240,148,697","216,929,251,200","82,541,532,687"
"현금흐름표, 간접법 - 연결재무제표",[039130],하나투어,유가증권시장상장법인,752,여행사 및 기타 여행보조 서비스업,12,2020-12-31,사업보고서,KRW,entity00269940_udf_CF_2021311163522484_ProceedsFromConsolidatedCapitalTransactions,장기차입금의 차입,"12,708,305,000","80,576,670,760","6,672,390,115"
"현금흐름표, 간접법 - 연결재무제표",[039130],하나투어,유가증권시장상장법인,752,여행사 및 기타 여행보조 서비스업,12,2020-12-31,사업보고서,KRW,entity00269940_udf_CF_2021311163534276_ProceedsFromConsolidatedCapitalTransactions,유상증자,"128,926,500,000",0,"944,170,060"
"현금흐름표, 간접법 - 연결재무제표",[039130],하나투어,유가증권시장상장법인,752,여행사 및 기타 여행보조 서비스업,12,2020-12-31,사업보고서,KRW,entity00269940_udf_CF_2021311163543316_ProceedsFromConsolidatedCapitalTransactions,종속기업의 유상증자,0,"1,202,650,960","59,990,000"
"현금흐름표, 간접법 - 연결재무제표",[039130],하나투어,유가증권시장상장법인,752,여행사 및 기타 여행보조 서비스업,12,2020-12-31,사업보고서,KRW,dart_PaymentForConsolidatedCapitalTransactions,재무활동으로 인한 현금유출액,"210,932,481,085","270,120,377,699","53,359,743,617"
"현금흐름표, 간접법 - 연결재무제표",[039130],하나투어,유가증권시장상장법인,752,여행사 및 기타 여행보조 서비스업,12,2020-12-31,사업보고서,KRW,entity00269940_udf_CF_202131116362739_PaymentForConsolidatedCapitalTransactions,단기차입금의 상환,"176,660,646,097","199,112,652,998","24,735,330,984"
"현금흐름표, 간접법 - 연결재무제표",[039130],하나투어,유가증권시장상장법인,752,여행사 및 기타 여행보조 서비스업,12,2020-12-31,사업보고서,KRW,entity00269940_udf_CF_2021311163622843_PaymentForConsolidatedCapitalTransactions,유동성장기부채의 상환,"1,195,464,726","1,607,284,358","5,640,631,673"
"현금흐름표, 간접법 - 연결재무제표",[039130],하나투어,유가증권시장상장법인,752,여행사 및 기타 여행보조 서비스업,12,2020-12-31,사업보고서,KRW,entity00269940_udf_CF_2021311163630219_PaymentForConsolidatedCapitalTransactions,장기차입금의 상환,"1,105,070,000",0,"192,718,469"
"현금흐름표, 간접법 - 연결재무제표",[039130],하나투어,유가증권시장상장법인,752,여행사 및 기타 여행보조 서비스업,12,2020-12-31,사업보고서,KRW,entity00269940_udf_CF_2021311163815443_PaymentForConsolidatedCapitalTransactions,유동성장기사채의 상환,"1,105,070,000","1,069,760,000","896,643,000"
"현금흐름표, 간접법 - 연결재무제표",[039130],하나투어,유가증권시장상장법인,752,여행사 및 기타 여행보조 서비스업,12,2020-12-31,사업보고서,KRW,entity00269940_udf_CF_202131116382414_PaymentForConsolidatedCapitalTransactions,리스부채의 상환,"23,406,065,503","53,541,984,689","1,660,047,331"
"현금흐름표, 간접법 - 연결재무제표",[039130],하나투어,유가증권시장상장법인,752,여행사 및 기타 여행보조 서비스업,12,2020-12-31,사업보고서,KRW,entity00269940_udf_CF_202131116385476_PaymentForConsolidatedCapitalTransactions,주식발행비의 지급,"6,338,000",0,"48,424,815"
"현금흐름표, 간접법 - 연결재무제표",[039130],하나투어,유가증권시장상장법인,752,여행사 및 기타 여행보조 서비스업,12,2020-12-31,사업보고서,KRW,entity00269940_udf_CF_202131116392740_PaymentForConsolidatedCapitalTransactions,자기주식의 취득,0,"949,682","2,034,645,359"
"현금흐름표, 간접법 - 연결재무제표",[039130],하나투어,유가증권시장상장법인,752,여행사 및 기타 여행보조 서비스업,12,2020-12-31,사업보고서,KRW,entity00269940_udf_CF_2021311163947812_PaymentForConsolidatedCapitalTransactions,배당금의 지급,"7,453,826,759","14,787,745,972","18,151,301,986"
"현금흐름표, 간접법 - 연결재무제표",[039130],하나투어,유가증권시장상장법인,752,여행사 및 기타 여행보조 서비스업,12,2020-12-31,사업보고서,KRW,entity00269940_udf_CF_202131116426964_StatementOfCashFlowsAbstract,연결범위 변동으로 인한 증감,"-18,656,832","7,125,967,462","255,164,685"
"현금흐름표, 간접법 - 연결재무제표",[039130],하나투어,유가증권시장상장법인,752,여행사 및 기타 여행보조 서비스업,12,2020-12-31,사업보고서,KRW,ifrs-full_IncreaseDecreaseInCashAndCashEquivalents,현금및현금성자산의 증가(감소),"-7,910,504,912","-48,373,141,981","-73,660,178,014"
"현금흐름표, 간접법 - 연결재무제표",[039130],하나투어,유가증권시장상장법인,752,여행사 및 기타 여행보조 서비스업,12,2020-12-31,사업보고서,KRW,dart_CashAndCashEquivalentsAtBeginningOfPeriodCf,기초의 현금및현금성자산,"110,846,773,006","157,699,693,427","228,389,931,838"
"현금흐름표, 간접법 - 연결재무제표",[039130],하나투어,유가증권시장상장법인,752,여행사 및 기타 여행보조 서비스업,12,2020-12-31,사업보고서,KRW,entity00269940_udf_CF_2021311165015842_StatementOfCashFlowsAbstract,외화환산으로 인한 현금의 변동,"-1,085,243,265","1,520,221,560","2,969,939,603"
"현금흐름표, 간접법 - 연결재무제표",[039130],하나투어,유가증권시장상장법인,752,여행사 및 기타 여행보조 서비스업,12,2020-12-31,사업보고서,KRW,dart_CashAndCashEquivalentsAtEndOfPeriodCf,기말의 현금및현금성자산,"101,851,024,829","110,846,773,006","157,699,693,427"