재무제표종류,종목코드,회사명,시장구분,업종,업종명,결산월,결산기준일,보고서종류,통화,항목코드,항목명,당기 반기말,전기말
"재무상태표, 유동/비유동법-연결재무제표",[104620],노랑풍선,코스닥시장상장법인,752,여행사 및 기타 여행보조 서비스업,12,2021-06-30,반기보고서,KRW,ifrs-full_AssetsAbstract,자산 [abstract],,
"재무상태표, 유동/비유동법-연결재무제표",[104620],노랑풍선,코스닥시장상장법인,752,여행사 및 기타 여행보조 서비스업,12,2021-06-30,반기보고서,KRW,ifrs-full_CurrentAssets,유동자산,"39,966,625,280","31,294,724,197"
"재무상태표, 유동/비유동법-연결재무제표",[104620],노랑풍선,코스닥시장상장법인,752,여행사 및 기타 여행보조 서비스업,12,2021-06-30,반기보고서,KRW,ifrs-full_CashAndCashEquivalents,현금및현금성자산,"10,272,315,682","5,895,564,399"
"재무상태표, 유동/비유동법-연결재무제표",[104620],노랑풍선,코스닥시장상장법인,752,여행사 및 기타 여행보조 서비스업,12,2021-06-30,반기보고서,KRW,ifrs-full_OtherCurrentFinancialAssets,금융자산,"28,032,846,306","24,244,617,180"
"재무상태표, 유동/비유동법-연결재무제표",[104620],노랑풍선,코스닥시장상장법인,752,여행사 및 기타 여행보조 서비스업,12,2021-06-30,반기보고서,KRW,ifrs-full_TradeAndOtherCurrentReceivables,매출채권및기타채권,"1,095,537,766","696,906,483"
"재무상태표, 유동/비유동법-연결재무제표",[104620],노랑풍선,코스닥시장상장법인,752,여행사 및 기타 여행보조 서비스업,12,2021-06-30,반기보고서,KRW,ifrs-full_CurrentTaxAssets,당기법인세자산,,"118,759,657"
"재무상태표, 유동/비유동법-연결재무제표",[104620],노랑풍선,코스닥시장상장법인,752,여행사 및 기타 여행보조 서비스업,12,2021-06-30,반기보고서,KRW,dart_OtherCurrentAssets,기타자산,"370,089,871","338,876,478"
"재무상태표, 유동/비유동법-연결재무제표",[104620],노랑풍선,코스닥시장상장법인,752,여행사 및 기타 여행보조 서비스업,12,2021-06-30,반기보고서,KRW,ifrs-full_Inventories,재고자산,"195,835,655",
"재무상태표, 유동/비유동법-연결재무제표",[104620],노랑풍선,코스닥시장상장법인,752,여행사 및 기타 여행보조 서비스업,12,2021-06-30,반기보고서,KRW,ifrs-full_NoncurrentAssets,비유동자산,"49,852,326,759","48,300,233,405"
"재무상태표, 유동/비유동법-연결재무제표",[104620],노랑풍선,코스닥시장상장법인,752,여행사 및 기타 여행보조 서비스업,12,2021-06-30,반기보고서,KRW,ifrs-full_OtherNoncurrentFinancialAssets,비유동금융자산,"690,877,591","301,717,415"
"재무상태표, 유동/비유동법-연결재무제표",[104620],노랑풍선,코스닥시장상장법인,752,여행사 및 기타 여행보조 서비스업,12,2021-06-30,반기보고서,KRW,dart_LongTermTradeAndOtherNonCurrentReceivablesGross,비유동매출채권및기타채권,"112,327,229","110,481,327"
"재무상태표, 유동/비유동법-연결재무제표",[104620],노랑풍선,코스닥시장상장법인,752,여행사 및 기타 여행보조 서비스업,12,2021-06-30,반기보고서,KRW,ifrs-full_InvestmentProperty,투자부동산,"11,413,209,038","3,166,069,703"
"재무상태표, 유동/비유동법-연결재무제표",[104620],노랑풍선,코스닥시장상장법인,752,여행사 및 기타 여행보조 서비스업,12,2021-06-30,반기보고서,KRW,ifrs-full_PropertyPlantAndEquipment,유형자산,"26,409,573,610","35,881,844,756"
"재무상태표, 유동/비유동법-연결재무제표",[104620],노랑풍선,코스닥시장상장법인,752,여행사 및 기타 여행보조 서비스업,12,2021-06-30,반기보고서,KRW,ifrs-full_IntangibleAssetsOtherThanGoodwill,무형자산,"7,003,582,021","6,746,232,145"
"재무상태표, 유동/비유동법-연결재무제표",[104620],노랑풍선,코스닥시장상장법인,752,여행사 및 기타 여행보조 서비스업,12,2021-06-30,반기보고서,KRW,ifrs-full_RightofuseAssets,사용권자산,"305,797,686","265,900,265"
"재무상태표, 유동/비유동법-연결재무제표",[104620],노랑풍선,코스닥시장상장법인,752,여행사 및 기타 여행보조 서비스업,12,2021-06-30,반기보고서,KRW,dart_OtherNonCurrentAssets,비유동기타자산,"1,613,724","2,148,684"
"재무상태표, 유동/비유동법-연결재무제표",[104620],노랑풍선,코스닥시장상장법인,752,여행사 및 기타 여행보조 서비스업,12,2021-06-30,반기보고서,KRW,ifrs-full_DeferredTaxAssets,이연법인세자산,"2,316,477,110","1,825,839,110"
"재무상태표, 유동/비유동법-연결재무제표",[104620],노랑풍선,코스닥시장상장법인,752,여행사 및 기타 여행보조 서비스업,12,2021-06-30,반기보고서,KRW,entity00632845_udf_BS_202181284823816_NoncurrentAssets,파생상품자산,"1,598,868,750",
"재무상태표, 유동/비유동법-연결재무제표",[104620],노랑풍선,코스닥시장상장법인,752,여행사 및 기타 여행보조 서비스업,12,2021-06-30,반기보고서,KRW,ifrs-full_Assets,자산총계,"89,818,952,039","79,594,957,602"
"재무상태표, 유동/비유동법-연결재무제표",[104620],노랑풍선,코스닥시장상장법인,752,여행사 및 기타 여행보조 서비스업,12,2021-06-30,반기보고서,KRW,ifrs-full_LiabilitiesAbstract,부채 [abstract],,
"재무상태표, 유동/비유동법-연결재무제표",[104620],노랑풍선,코스닥시장상장법인,752,여행사 및 기타 여행보조 서비스업,12,2021-06-30,반기보고서,KRW,ifrs-full_CurrentLiabilities,유동부채,"23,587,667,313","29,854,760,900"
"재무상태표, 유동/비유동법-연결재무제표",[104620],노랑풍선,코스닥시장상장법인,752,여행사 및 기타 여행보조 서비스업,12,2021-06-30,반기보고서,KRW,ifrs-full_TradeAndOtherCurrentPayables,미지급금및기타채무,"2,188,976,123","2,000,410,721"
"재무상태표, 유동/비유동법-연결재무제표",[104620],노랑풍선,코스닥시장상장법인,752,여행사 및 기타 여행보조 서비스업,12,2021-06-30,반기보고서,KRW,ifrs-full_ShorttermBorrowings,단기차입금,"19,300,000,000","25,300,000,000"
"재무상태표, 유동/비유동법-연결재무제표",[104620],노랑풍선,코스닥시장상장법인,752,여행사 및 기타 여행보조 서비스업,12,2021-06-30,반기보고서,KRW,dart_PaymentsOfIncomeTaxesPayable,미지급법인세,"42,269,489",
"재무상태표, 유동/비유동법-연결재무제표",[104620],노랑풍선,코스닥시장상장법인,752,여행사 및 기타 여행보조 서비스업,12,2021-06-30,반기보고서,KRW,dart_OtherCurrentLiabilities,수탁금및기타부채,"1,903,403,361","2,408,549,892"
"재무상태표, 유동/비유동법-연결재무제표",[104620],노랑풍선,코스닥시장상장법인,752,여행사 및 기타 여행보조 서비스업,12,2021-06-30,반기보고서,KRW,ifrs-full_CurrentLeaseLiabilities,유동리스부채,"153,018,340","145,800,287"
"재무상태표, 유동/비유동법-연결재무제표",[104620],노랑풍선,코스닥시장상장법인,752,여행사 및 기타 여행보조 서비스업,12,2021-06-30,반기보고서,KRW,ifrs-full_NoncurrentLiabilities,비유동부채,"19,067,428,341","383,712,338"
"재무상태표, 유동/비유동법-연결재무제표",[104620],노랑풍선,코스닥시장상장법인,752,여행사 및 기타 여행보조 서비스업,12,2021-06-30,반기보고서,KRW,dart_LongTermTradeAndOtherNonCurrentPayables,비유동기타채무,"441,832,000","137,296,000"
"재무상태표, 유동/비유동법-연결재무제표",[104620],노랑풍선,코스닥시장상장법인,752,여행사 및 기타 여행보조 서비스업,12,2021-06-30,반기보고서,KRW,dart_LongTermBorrowingsGross,장기차입금,"70,000,000","70,000,000"
"재무상태표, 유동/비유동법-연결재무제표",[104620],노랑풍선,코스닥시장상장법인,752,여행사 및 기타 여행보조 서비스업,12,2021-06-30,반기보고서,KRW,dart_PostemploymentBenefitObligations,퇴직급여채무,"57,468,348","52,085,759"
"재무상태표, 유동/비유동법-연결재무제표",[104620],노랑풍선,코스닥시장상장법인,752,여행사 및 기타 여행보조 서비스업,12,2021-06-30,반기보고서,KRW,entity00632845_udf_BS_202151311733410_NoncurrentLiabilities,전환사채,"5,533,750,208",
"재무상태표, 유동/비유동법-연결재무제표",[104620],노랑풍선,코스닥시장상장법인,752,여행사 및 기타 여행보조 서비스업,12,2021-06-30,반기보고서,KRW,entity00632845_udf_BS_202151311754713_NoncurrentLiabilities,신주인수권부사채,"5,533,750,208",
"재무상태표, 유동/비유동법-연결재무제표",[104620],노랑풍선,코스닥시장상장법인,752,여행사 및 기타 여행보조 서비스업,12,2021-06-30,반기보고서,KRW,entity00632845_udf_BS_202151311825842_NoncurrentLiabilities,파생상품부채,"7,277,480,000",
"재무상태표, 유동/비유동법-연결재무제표",[104620],노랑풍선,코스닥시장상장법인,752,여행사 및 기타 여행보조 서비스업,12,2021-06-30,반기보고서,KRW,ifrs-full_NoncurrentLeaseLiabilities,비유동리스부채,"153,147,577","124,330,579"
"재무상태표, 유동/비유동법-연결재무제표",[104620],노랑풍선,코스닥시장상장법인,752,여행사 및 기타 여행보조 서비스업,12,2021-06-30,반기보고서,KRW,ifrs-full_Liabilities,부채총계,"42,655,095,654","30,238,473,238"
"재무상태표, 유동/비유동법-연결재무제표",[104620],노랑풍선,코스닥시장상장법인,752,여행사 및 기타 여행보조 서비스업,12,2021-06-30,반기보고서,KRW,ifrs-full_EquityAbstract,자본 [abstract],,
"재무상태표, 유동/비유동법-연결재무제표",[104620],노랑풍선,코스닥시장상장법인,752,여행사 및 기타 여행보조 서비스업,12,2021-06-30,반기보고서,KRW,ifrs-full_EquityAttributableToOwnersOfParent,지배기업소유주에귀속되는 자본,"47,163,856,385","49,356,484,364"
"재무상태표, 유동/비유동법-연결재무제표",[104620],노랑풍선,코스닥시장상장법인,752,여행사 및 기타 여행보조 서비스업,12,2021-06-30,반기보고서,KRW,ifrs-full_IssuedCapital,자본금,"2,382,825,000","2,382,825,000"
"재무상태표, 유동/비유동법-연결재무제표",[104620],노랑풍선,코스닥시장상장법인,752,여행사 및 기타 여행보조 서비스업,12,2021-06-30,반기보고서,KRW,dart_CapitalSurplus,자본잉여금,"19,822,461,939","19,822,461,939"
"재무상태표, 유동/비유동법-연결재무제표",[104620],노랑풍선,코스닥시장상장법인,752,여행사 및 기타 여행보조 서비스업,12,2021-06-30,반기보고서,KRW,entity00632845_udf_BS_2021311134736938_EquityAttributableToOwnersOfParent,기타자본,"4,146,367,676",
"재무상태표, 유동/비유동법-연결재무제표",[104620],노랑풍선,코스닥시장상장법인,752,여행사 및 기타 여행보조 서비스업,12,2021-06-30,반기보고서,KRW,ifrs-full_RetainedEarnings,이익잉여금,"20,812,201,770","27,151,197,425"
"재무상태표, 유동/비유동법-연결재무제표",[104620],노랑풍선,코스닥시장상장법인,752,여행사 및 기타 여행보조 서비스업,12,2021-06-30,반기보고서,KRW,ifrs-full_NoncontrollingInterests,비지배지분,,
"재무상태표, 유동/비유동법-연결재무제표",[104620],노랑풍선,코스닥시장상장법인,752,여행사 및 기타 여행보조 서비스업,12,2021-06-30,반기보고서,KRW,ifrs-full_Equity,자본총계,"47,163,856,385","49,356,484,364"
"재무상태표, 유동/비유동법-연결재무제표",[104620],노랑풍선,코스닥시장상장법인,752,여행사 및 기타 여행보조 서비스업,12,2021-06-30,반기보고서,KRW,ifrs-full_EquityAndLiabilities,부채및자본총계,"89,818,952,039","79,594,957,602"
"재무상태표, 유동/비유동법-연결재무제표",[038390],레드캡투어,코스닥시장상장법인,752,여행사 및 기타 여행보조 서비스업,12,2021-06-30,반기보고서,KRW,ifrs-full_AssetsAbstract,자산 [abstract],,
"재무상태표, 유동/비유동법-연결재무제표",[038390],레드캡투어,코스닥시장상장법인,752,여행사 및 기타 여행보조 서비스업,12,2021-06-30,반기보고서,KRW,ifrs-full_CurrentAssets,유동자산,"30,850,515,405","32,491,628,345"
"재무상태표, 유동/비유동법-연결재무제표",[038390],레드캡투어,코스닥시장상장법인,752,여행사 및 기타 여행보조 서비스업,12,2021-06-30,반기보고서,KRW,ifrs-full_CashAndCashEquivalents,현금및현금성자산,"2,170,827,131","12,322,501,372"
"재무상태표, 유동/비유동법-연결재무제표",[038390],레드캡투어,코스닥시장상장법인,752,여행사 및 기타 여행보조 서비스업,12,2021-06-30,반기보고서,KRW,ifrs-full_TradeAndOtherCurrentReceivables,매출채권및기타채권,"14,702,699,272","10,833,567,956"
"재무상태표, 유동/비유동법-연결재무제표",[038390],레드캡투어,코스닥시장상장법인,752,여행사 및 기타 여행보조 서비스업,12,2021-06-30,반기보고서,KRW,ifrs-full_Inventories,재고자산,"864,498,487","385,044,051"
"재무상태표, 유동/비유동법-연결재무제표",[038390],레드캡투어,코스닥시장상장법인,752,여행사 및 기타 여행보조 서비스업,12,2021-06-30,반기보고서,KRW,ifrs-full_OtherCurrentFinancialAssets,기타유동금융자산,"6,220,876,243","1,010,000,000"
"재무상태표, 유동/비유동법-연결재무제표",[038390],레드캡투어,코스닥시장상장법인,752,여행사 및 기타 여행보조 서비스업,12,2021-06-30,반기보고서,KRW,entity00261355_udf_BS_20188116336416_CurrentAssets,유동비금융자산,"6,891,614,272","7,940,396,166"
"재무상태표, 유동/비유동법-연결재무제표",[038390],레드캡투어,코스닥시장상장법인,752,여행사 및 기타 여행보조 서비스업,12,2021-06-30,반기보고서,KRW,ifrs-full_CurrentTaxAssets,당기법인세자산,0,"118,800"
"재무상태표, 유동/비유동법-연결재무제표",[038390],레드캡투어,코스닥시장상장법인,752,여행사 및 기타 여행보조 서비스업,12,2021-06-30,반기보고서,KRW,ifrs-full_NoncurrentAssets,비유동자산,"425,590,359,950","421,198,227,502"
"재무상태표, 유동/비유동법-연결재무제표",[038390],레드캡투어,코스닥시장상장법인,752,여행사 및 기타 여행보조 서비스업,12,2021-06-30,반기보고서,KRW,dart_LongTermTradeAndOtherNonCurrentReceivablesGross,장기매출채권및기타채권,"2,871,293,857","2,941,606,866"
"재무상태표, 유동/비유동법-연결재무제표",[038390],레드캡투어,코스닥시장상장법인,752,여행사 및 기타 여행보조 서비스업,12,2021-06-30,반기보고서,KRW,ifrs-full_OtherNoncurrentFinancialAssets,기타비유동금융자산,"35,076,818","965,146,600"
"재무상태표, 유동/비유동법-연결재무제표",[038390],레드캡투어,코스닥시장상장법인,752,여행사 및 기타 여행보조 서비스업,12,2021-06-30,반기보고서,KRW,entity00261355_udf_BS_201881163413700_NoncurrentAssets,비유동비금융자산,"4,604,045,270","5,094,868,996"
"재무상태표, 유동/비유동법-연결재무제표",[038390],레드캡투어,코스닥시장상장법인,752,여행사 및 기타 여행보조 서비스업,12,2021-06-30,반기보고서,KRW,ifrs-full_PropertyPlantAndEquipment,유형자산,"388,017,091,484","379,629,479,514"
"재무상태표, 유동/비유동법-연결재무제표",[038390],레드캡투어,코스닥시장상장법인,752,여행사 및 기타 여행보조 서비스업,12,2021-06-30,반기보고서,KRW,ifrs-full_RightofuseAssets,사용권자산,"12,641,870,936","13,604,998,958"
"재무상태표, 유동/비유동법-연결재무제표",[038390],레드캡투어,코스닥시장상장법인,752,여행사 및 기타 여행보조 서비스업,12,2021-06-30,반기보고서,KRW,ifrs-full_IntangibleAssetsOtherThanGoodwill,무형자산,"17,137,772,607","18,962,126,568"
"재무상태표, 유동/비유동법-연결재무제표",[038390],레드캡투어,코스닥시장상장법인,752,여행사 및 기타 여행보조 서비스업,12,2021-06-30,반기보고서,KRW,ifrs-full_DeferredTaxAssets,이연법인세자산,"283,208,978",0
"재무상태표, 유동/비유동법-연결재무제표",[038390],레드캡투어,코스닥시장상장법인,752,여행사 및 기타 여행보조 서비스업,12,2021-06-30,반기보고서,KRW,ifrs-full_Assets,자산총계,"456,440,875,355","453,689,855,847"
"재무상태표, 유동/비유동법-연결재무제표",[038390],레드캡투어,코스닥시장상장법인,752,여행사 및 기타 여행보조 서비스업,12,2021-06-30,반기보고서,KRW,ifrs-full_LiabilitiesAbstract,부채 [abstract],,
"재무상태표, 유동/비유동법-연결재무제표",[038390],레드캡투어,코스닥시장상장법인,752,여행사 및 기타 여행보조 서비스업,12,2021-06-30,반기보고서,KRW,ifrs-full_CurrentLiabilities,유동부채,"136,911,188,135","141,181,190,769"
"재무상태표, 유동/비유동법-연결재무제표",[038390],레드캡투어,코스닥시장상장법인,752,여행사 및 기타 여행보조 서비스업,12,2021-06-30,반기보고서,KRW,ifrs-full_TradeAndOtherCurrentPayables,매입채무및기타채무,"13,394,135,560","18,594,390,801"
"재무상태표, 유동/비유동법-연결재무제표",[038390],레드캡투어,코스닥시장상장법인,752,여행사 및 기타 여행보조 서비스업,12,2021-06-30,반기보고서,KRW,ifrs-full_ShorttermBorrowings,차입금,"96,211,768,534","98,865,154,235"
"재무상태표, 유동/비유동법-연결재무제표",[038390],레드캡투어,코스닥시장상장법인,752,여행사 및 기타 여행보조 서비스업,12,2021-06-30,반기보고서,KRW,ifrs-full_CurrentLeaseLiabilities,리스부채,"5,785,177,005","5,182,716,944"
"재무상태표, 유동/비유동법-연결재무제표",[038390],레드캡투어,코스닥시장상장법인,752,여행사 및 기타 여행보조 서비스업,12,2021-06-30,반기보고서,KRW,entity00261355_udf_BS_20188116395756_CurrentLiabilities,유동비금융부채,"18,073,327,914","15,916,513,562"
"재무상태표, 유동/비유동법-연결재무제표",[038390],레드캡투어,코스닥시장상장법인,752,여행사 및 기타 여행보조 서비스업,12,2021-06-30,반기보고서,KRW,ifrs-full_CurrentProvisions,유동기타종업원급여부채,"919,498,330","1,042,748,850"
"재무상태표, 유동/비유동법-연결재무제표",[038390],레드캡투어,코스닥시장상장법인,752,여행사 및 기타 여행보조 서비스업,12,2021-06-30,반기보고서,KRW,ifrs-full_CurrentTaxLiabilities,당기법인세부채,"2,527,280,792","1,579,666,377"
"재무상태표, 유동/비유동법-연결재무제표",[038390],레드캡투어,코스닥시장상장법인,752,여행사 및 기타 여행보조 서비스업,12,2021-06-30,반기보고서,KRW,ifrs-full_NoncurrentLiabilities,비유동부채,"143,341,017,299","143,902,530,066"
"재무상태표, 유동/비유동법-연결재무제표",[038390],레드캡투어,코스닥시장상장법인,752,여행사 및 기타 여행보조 서비스업,12,2021-06-30,반기보고서,KRW,dart_LongTermTradeAndOtherNonCurrentPayables,장기매입채무및기타채무,"9,047,604,674","8,016,167,388"
"재무상태표, 유동/비유동법-연결재무제표",[038390],레드캡투어,코스닥시장상장법인,752,여행사 및 기타 여행보조 서비스업,12,2021-06-30,반기보고서,KRW,dart_LongTermBorrowingsGross,차입금 및 사채,"124,209,680,783","125,200,257,984"
"재무상태표, 유동/비유동법-연결재무제표",[038390],레드캡투어,코스닥시장상장법인,752,여행사 및 기타 여행보조 서비스업,12,2021-06-30,반기보고서,KRW,ifrs-full_OtherNoncurrentFinancialLiabilities,비유동금융부채,0,"23,320,694"
"재무상태표, 유동/비유동법-연결재무제표",[038390],레드캡투어,코스닥시장상장법인,752,여행사 및 기타 여행보조 서비스업,12,2021-06-30,반기보고서,KRW,dart_NonCurrentDerivativeLiabilities,비유동파생상품부채,0,"23,320,694"
"재무상태표, 유동/비유동법-연결재무제표",[038390],레드캡투어,코스닥시장상장법인,752,여행사 및 기타 여행보조 서비스업,12,2021-06-30,반기보고서,KRW,ifrs-full_NoncurrentLeaseLiabilities,리스부채,"7,661,158,325","8,931,994,650"
"재무상태표, 유동/비유동법-연결재무제표",[038390],레드캡투어,코스닥시장상장법인,752,여행사 및 기타 여행보조 서비스업,12,2021-06-30,반기보고서,KRW,dart_PostemploymentBenefitObligations,순확정급여부채,"1,925,524,791","840,784,056"
"재무상태표, 유동/비유동법-연결재무제표",[038390],레드캡투어,코스닥시장상장법인,752,여행사 및 기타 여행보조 서비스업,12,2021-06-30,반기보고서,KRW,ifrs-full_NoncurrentProvisionsForEmployeeBenefits,비유동기타종업원급여부채,"295,042,538","328,324,941"
"재무상태표, 유동/비유동법-연결재무제표",[038390],레드캡투어,코스닥시장상장법인,752,여행사 및 기타 여행보조 서비스업,12,2021-06-30,반기보고서,KRW,ifrs-full_DeferredTaxLiabilities,이연법인세부채,0,"359,017,965"
"재무상태표, 유동/비유동법-연결재무제표",[038390],레드캡투어,코스닥시장상장법인,752,여행사 및 기타 여행보조 서비스업,12,2021-06-30,반기보고서,KRW,ifrs-full_NoncurrentProvisions,기타충당부채,"202,006,188","202,662,388"
"재무상태표, 유동/비유동법-연결재무제표",[038390],레드캡투어,코스닥시장상장법인,752,여행사 및 기타 여행보조 서비스업,12,2021-06-30,반기보고서,KRW,ifrs-full_Liabilities,부채총계,"280,252,205,434","285,083,720,835"
"재무상태표, 유동/비유동법-연결재무제표",[038390],레드캡투어,코스닥시장상장법인,752,여행사 및 기타 여행보조 서비스업,12,2021-06-30,반기보고서,KRW,ifrs-full_EquityAbstract,자본 [abstract],,
"재무상태표, 유동/비유동법-연결재무제표",[038390],레드캡투어,코스닥시장상장법인,752,여행사 및 기타 여행보조 서비스업,12,2021-06-30,반기보고서,KRW,ifrs-full_EquityAttributableToOwnersOfParent,지배기업의 소유주지분,"176,188,669,921","168,606,135,012"
"재무상태표, 유동/비유동법-연결재무제표",[038390],레드캡투어,코스닥시장상장법인,752,여행사 및 기타 여행보조 서비스업,12,2021-06-30,반기보고서,KRW,ifrs-full_IssuedCapital,자본금,"4,294,740,000","4,294,740,000"
"재무상태표, 유동/비유동법-연결재무제표",[038390],레드캡투어,코스닥시장상장법인,752,여행사 및 기타 여행보조 서비스업,12,2021-06-30,반기보고서,KRW,dart_CapitalSurplus,자본잉여금,"63,349,316,703","63,349,316,703"
"재무상태표, 유동/비유동법-연결재무제표",[038390],레드캡투어,코스닥시장상장법인,752,여행사 및 기타 여행보조 서비스업,12,2021-06-30,반기보고서,KRW,dart_ElementsOfOtherStockholdersEquity,기타자본구성요소,"-7,722,189,489","-11,456,147,130"
"재무상태표, 유동/비유동법-연결재무제표",[038390],레드캡투어,코스닥시장상장법인,752,여행사 및 기타 여행보조 서비스업,12,2021-06-30,반기보고서,KRW,dart_OtherComprehensiveIncomeLossAccumulatedAmount,기타포괄손익누계액,"3,023,685","-7,824,581"
"재무상태표, 유동/비유동법-연결재무제표",[038390],레드캡투어,코스닥시장상장법인,752,여행사 및 기타 여행보조 서비스업,12,2021-06-30,반기보고서,KRW,ifrs-full_RetainedEarnings,이익잉여금,"116,263,779,022","112,426,050,020"
"재무상태표, 유동/비유동법-연결재무제표",[038390],레드캡투어,코스닥시장상장법인,752,여행사 및 기타 여행보조 서비스업,12,2021-06-30,반기보고서,KRW,ifrs-full_Equity,자본총계,"176,188,669,921","168,606,135,012"
"재무상태표, 유동/비유동법-연결재무제표",[038390],레드캡투어,코스닥시장상장법인,752,여행사 및 기타 여행보조 서비스업,12,2021-06-30,반기보고서,KRW,ifrs-full_EquityAndLiabilities,자본과부채총계,"456,440,875,355","453,689,855,847"
"재무상태표, 유동/비유동법-연결재무제표",[032350],롯데관광개발,유가증권시장상장법인,752,여행사 및 기타 여행보조 서비스업,12,2021-06-30,반기보고서,KRW,ifrs-full_AssetsAbstract,자산 [abstract],,
"재무상태표, 유동/비유동법-연결재무제표",[032350],롯데관광개발,유가증권시장상장법인,752,여행사 및 기타 여행보조 서비스업,12,2021-06-30,반기보고서,KRW,ifrs-full_CurrentAssets,유동자산,"40,692,289,292","124,776,944,955"
"재무상태표, 유동/비유동법-연결재무제표",[032350],롯데관광개발,유가증권시장상장법인,752,여행사 및 기타 여행보조 서비스업,12,2021-06-30,반기보고서,KRW,ifrs-full_CashAndCashEquivalents,현금및현금성자산,"21,619,838,439","58,185,475,344"
"재무상태표, 유동/비유동법-연결재무제표",[032350],롯데관광개발,유가증권시장상장법인,752,여행사 및 기타 여행보조 서비스업,12,2021-06-30,반기보고서,KRW,dart_ShortTermDepositsNotClassifiedAsCashEquivalents,단기금융상품,"7,828,511,986","22,744,547,721"
"재무상태표, 유동/비유동법-연결재무제표",[032350],롯데관광개발,유가증권시장상장법인,752,여행사 및 기타 여행보조 서비스업,12,2021-06-30,반기보고서,KRW,dart_ShortTermTradeReceivable,매출채권,"1,339,621,910","624,012,615"
"재무상태표, 유동/비유동법-연결재무제표",[032350],롯데관광개발,유가증권시장상장법인,752,여행사 및 기타 여행보조 서비스업,12,2021-06-30,반기보고서,KRW,dart_ShortTermLoans,단기대여금,"734,350,360","997,695,940"
"재무상태표, 유동/비유동법-연결재무제표",[032350],롯데관광개발,유가증권시장상장법인,752,여행사 및 기타 여행보조 서비스업,12,2021-06-30,반기보고서,KRW,dart_ShortTermOtherReceivables,미수금,"420,160,141","34,748,996,234"
"재무상태표, 유동/비유동법-연결재무제표",[032350],롯데관광개발,유가증권시장상장법인,752,여행사 및 기타 여행보조 서비스업,12,2021-06-30,반기보고서,KRW,dart_ShortTermAccruedIncome,미수수익,"35,519,615","28,500,293"
"재무상태표, 유동/비유동법-연결재무제표",[032350],롯데관광개발,유가증권시장상장법인,752,여행사 및 기타 여행보조 서비스업,12,2021-06-30,반기보고서,KRW,dart_ShortTermAdvancePayments,선급금,"903,110,224","329,056,455"
"재무상태표, 유동/비유동법-연결재무제표",[032350],롯데관광개발,유가증권시장상장법인,752,여행사 및 기타 여행보조 서비스업,12,2021-06-30,반기보고서,KRW,dart_ShortTermPrepaidExpenses,선급비용,"1,687,315,410","1,466,372,052"
"재무상태표, 유동/비유동법-연결재무제표",[032350],롯데관광개발,유가증권시장상장법인,752,여행사 및 기타 여행보조 서비스업,12,2021-06-30,반기보고서,KRW,ifrs-full_CurrentTaxAssets,당기법인세자산,"73,142,134","152,143,934"
"재무상태표, 유동/비유동법-연결재무제표",[032350],롯데관광개발,유가증권시장상장법인,752,여행사 및 기타 여행보조 서비스업,12,2021-06-30,반기보고서,KRW,dart_ShortTermDepositsProvided,보증금,"2,246,970,568","1,534,800,525"
"재무상태표, 유동/비유동법-연결재무제표",[032350],롯데관광개발,유가증권시장상장법인,752,여행사 및 기타 여행보조 서비스업,12,2021-06-30,반기보고서,KRW,ifrs-full_Inventories,재고자산,"3,803,748,505","3,965,343,842"
"재무상태표, 유동/비유동법-연결재무제표",[032350],롯데관광개발,유가증권시장상장법인,752,여행사 및 기타 여행보조 서비스업,12,2021-06-30,반기보고서,KRW,ifrs-full_NoncurrentAssets,비유동자산,"1,062,983,308,005","1,073,673,541,264"
"재무상태표, 유동/비유동법-연결재무제표",[032350],롯데관광개발,유가증권시장상장법인,752,여행사 및 기타 여행보조 서비스업,12,2021-06-30,반기보고서,KRW,dart_LongTermDepositsNotClassifiedAsCashEquivalents,장기금융상품,"9,054,500,000","9,054,500,000"
"재무상태표, 유동/비유동법-연결재무제표",[032350],롯데관광개발,유가증권시장상장법인,752,여행사 및 기타 여행보조 서비스업,12,2021-06-30,반기보고서,KRW,ifrs-full_NoncurrentFinancialAssetsMeasuredAtFairValueThroughOtherComprehensiveIncome,기타포괄손익-공정가치측정금융자산,"26,074,297,724","21,035,454,284"
"재무상태표, 유동/비유동법-연결재무제표",[032350],롯데관광개발,유가증권시장상장법인,752,여행사 및 기타 여행보조 서비스업,12,2021-06-30,반기보고서,KRW,ifrs-full_InvestmentsInAssociates,관계기업투자,"383,269,792","1,365,239,838"
"재무상태표, 유동/비유동법-연결재무제표",[032350],롯데관광개발,유가증권시장상장법인,752,여행사 및 기타 여행보조 서비스업,12,2021-06-30,반기보고서,KRW,ifrs-full_PropertyPlantAndEquipment,유형자산,"952,723,863,856","965,268,741,851"
"재무상태표, 유동/비유동법-연결재무제표",[032350],롯데관광개발,유가증권시장상장법인,752,여행사 및 기타 여행보조 서비스업,12,2021-06-30,반기보고서,KRW,ifrs-full_RightofuseAssets,사용권자산,"19,391,674,687","22,800,664,338"
"재무상태표, 유동/비유동법-연결재무제표",[032350],롯데관광개발,유가증권시장상장법인,752,여행사 및 기타 여행보조 서비스업,12,2021-06-30,반기보고서,KRW,ifrs-full_IntangibleAssetsOtherThanGoodwill,무형자산,"52,038,436,011","50,187,247,653"
"재무상태표, 유동/비유동법-연결재무제표",[032350],롯데관광개발,유가증권시장상장법인,752,여행사 및 기타 여행보조 서비스업,12,2021-06-30,반기보고서,KRW,dart_LongTermDepositsProvidedGross,보증금,"3,254,375,111","3,898,802,476"
"재무상태표, 유동/비유동법-연결재무제표",[032350],롯데관광개발,유가증권시장상장법인,752,여행사 및 기타 여행보조 서비스업,12,2021-06-30,반기보고서,KRW,ifrs-full_DeferredTaxAssets,이연법인세자산,"62,890,824","62,890,824"
"재무상태표, 유동/비유동법-연결재무제표",[032350],롯데관광개발,유가증권시장상장법인,752,여행사 및 기타 여행보조 서비스업,12,2021-06-30,반기보고서,KRW,ifrs-full_Assets,자산총계,"1,103,675,597,297","1,198,450,486,219"
"재무상태표, 유동/비유동법-연결재무제표",[032350],롯데관광개발,유가증권시장상장법인,752,여행사 및 기타 여행보조 서비스업,12,2021-06-30,반기보고서,KRW,ifrs-full_LiabilitiesAbstract,부채 [abstract],,
"재무상태표, 유동/비유동법-연결재무제표",[032350],롯데관광개발,유가증권시장상장법인,752,여행사 및 기타 여행보조 서비스업,12,2021-06-30,반기보고서,KRW,ifrs-full_CurrentLiabilities,유동부채,"109,173,112,969","212,394,202,592"
"재무상태표, 유동/비유동법-연결재무제표",[032350],롯데관광개발,유가증권시장상장법인,752,여행사 및 기타 여행보조 서비스업,12,2021-06-30,반기보고서,KRW,dart_ShortTermTradePayables,매입채무,"5,325,662,534","693,411,767"
"재무상태표, 유동/비유동법-연결재무제표",[032350],롯데관광개발,유가증권시장상장법인,752,여행사 및 기타 여행보조 서비스업,12,2021-06-30,반기보고서,KRW,ifrs-full_ShorttermBorrowings,단기차입금,"36,545,830,966","80,585,848,345"
"재무상태표, 유동/비유동법-연결재무제표",[032350],롯데관광개발,유가증권시장상장법인,752,여행사 및 기타 여행보조 서비스업,12,2021-06-30,반기보고서,KRW,dart_CurentPortionOfFinanceLeaseLiabilities,리스부채,"5,428,569,993","6,558,147,929"
"재무상태표, 유동/비유동법-연결재무제표",[032350],롯데관광개발,유가증권시장상장법인,752,여행사 및 기타 여행보조 서비스업,12,2021-06-30,반기보고서,KRW,dart_ShortTermOtherPayables,미지급금,"29,972,862,111","107,453,924,662"
"재무상태표, 유동/비유동법-연결재무제표",[032350],롯데관광개발,유가증권시장상장법인,752,여행사 및 기타 여행보조 서비스업,12,2021-06-30,반기보고서,KRW,dart_ShortTermAdvancesCustomers,선수금,"11,812,832,315","7,351,524,030"
"재무상태표, 유동/비유동법-연결재무제표",[032350],롯데관광개발,유가증권시장상장법인,752,여행사 및 기타 여행보조 서비스업,12,2021-06-30,반기보고서,KRW,dart_ShortTermWithholdings,예수금,"1,340,237,319","1,378,865,847"
"재무상태표, 유동/비유동법-연결재무제표",[032350],롯데관광개발,유가증권시장상장법인,752,여행사 및 기타 여행보조 서비스업,12,2021-06-30,반기보고서,KRW,dart_ShortTermAccruedExpenses,미지급비용,"13,484,870,763","7,684,629,100"
"재무상태표, 유동/비유동법-연결재무제표",[032350],롯데관광개발,유가증권시장상장법인,752,여행사 및 기타 여행보조 서비스업,12,2021-06-30,반기보고서,KRW,ifrs-full_CurrentTaxLiabilities,당기법인세부채,0,"25,093,260"
"재무상태표, 유동/비유동법-연결재무제표",[032350],롯데관광개발,유가증권시장상장법인,752,여행사 및 기타 여행보조 서비스업,12,2021-06-30,반기보고서,KRW,ifrs-full_ShorttermProvisionForDecommissioningRestorationAndRehabilitationCosts,충당부채,"128,226,024","94,000,000"
"재무상태표, 유동/비유동법-연결재무제표",[032350],롯데관광개발,유가증권시장상장법인,752,여행사 및 기타 여행보조 서비스업,12,2021-06-30,반기보고서,KRW,entity00231372_udf_BS_201881016349696_CurrentLiabilities,수탁금,"955,689,542","568,757,652"
"재무상태표, 유동/비유동법-연결재무제표",[032350],롯데관광개발,유가증권시장상장법인,752,여행사 및 기타 여행보조 서비스업,12,2021-06-30,반기보고서,KRW,ifrs-full_OtherCurrentFinancialLiabilities,기타유동금융부채,"4,178,331,402",0
"재무상태표, 유동/비유동법-연결재무제표",[032350],롯데관광개발,유가증권시장상장법인,752,여행사 및 기타 여행보조 서비스업,12,2021-06-30,반기보고서,KRW,ifrs-full_NoncurrentLiabilities,비유동부채,"852,767,789,123","759,955,627,480"
"재무상태표, 유동/비유동법-연결재무제표",[032350],롯데관광개발,유가증권시장상장법인,752,여행사 및 기타 여행보조 서비스업,12,2021-06-30,반기보고서,KRW,dart_LongTermBorrowingsGross,장기차입금,"668,822,103,715","663,030,323,556"
"재무상태표, 유동/비유동법-연결재무제표",[032350],롯데관광개발,유가증권시장상장법인,752,여행사 및 기타 여행보조 서비스업,12,2021-06-30,반기보고서,KRW,dart_NonCurrentFinanceLeaseLiabilities,장기리스부채,"12,282,772,389","13,121,328,340"
"재무상태표, 유동/비유동법-연결재무제표",[032350],롯데관광개발,유가증권시장상장법인,752,여행사 및 기타 여행보조 서비스업,12,2021-06-30,반기보고서,KRW,dart_LongTermOtherPayablesGross,장기미지급금,"835,472,754","2,988,057,465"
"재무상태표, 유동/비유동법-연결재무제표",[032350],롯데관광개발,유가증권시장상장법인,752,여행사 및 기타 여행보조 서비스업,12,2021-06-30,반기보고서,KRW,dart_ConvertibleBonds,전환사채,"143,403,491,945","58,750,212,416"
"재무상태표, 유동/비유동법-연결재무제표",[032350],롯데관광개발,유가증권시장상장법인,752,여행사 및 기타 여행보조 서비스업,12,2021-06-30,반기보고서,KRW,ifrs-full_LongtermProvisionForDecommissioningRestorationAndRehabilitationCosts,복구충당부채,"313,052,642","310,823,622"
"재무상태표, 유동/비유동법-연결재무제표",[032350],롯데관광개발,유가증권시장상장법인,752,여행사 및 기타 여행보조 서비스업,12,2021-06-30,반기보고서,KRW,dart_LongTermAccruedExpensesGross,장기미지급비용,"5,402,170,999","4,423,028,509"
"재무상태표, 유동/비유동법-연결재무제표",[032350],롯데관광개발,유가증권시장상장법인,752,여행사 및 기타 여행보조 서비스업,12,2021-06-30,반기보고서,KRW,ifrs-full_NoncurrentFinancialLiabilitiesAtFairValueThroughProfitOrLossDesignatedUponInitialRecognition,당기손익-공정가치측정금융부채,"3,909,070,020","1,817,317,433"
"재무상태표, 유동/비유동법-연결재무제표",[032350],롯데관광개발,유가증권시장상장법인,752,여행사 및 기타 여행보조 서비스업,12,2021-06-30,반기보고서,KRW,dart_PostemploymentBenefitObligations,퇴직급여채무,"17,799,654,659","15,514,536,139"
"재무상태표, 유동/비유동법-연결재무제표",[032350],롯데관광개발,유가증권시장상장법인,752,여행사 및 기타 여행보조 서비스업,12,2021-06-30,반기보고서,KRW,ifrs-full_Liabilities,부채총계,"961,940,902,092","972,349,830,072"
"재무상태표, 유동/비유동법-연결재무제표",[032350],롯데관광개발,유가증권시장상장법인,752,여행사 및 기타 여행보조 서비스업,12,2021-06-30,반기보고서,KRW,ifrs-full_EquityAbstract,자본 [abstract],,
"재무상태표, 유동/비유동법-연결재무제표",[032350],롯데관광개발,유가증권시장상장법인,752,여행사 및 기타 여행보조 서비스업,12,2021-06-30,반기보고서,KRW,ifrs-full_EquityAttributableToOwnersOfParent,지배기업소유주지분,"145,254,237,685","229,496,663,121"
"재무상태표, 유동/비유동법-연결재무제표",[032350],롯데관광개발,유가증권시장상장법인,752,여행사 및 기타 여행보조 서비스업,12,2021-06-30,반기보고서,KRW,ifrs-full_IssuedCapital,자본금,"34,637,831,000","34,637,831,000"
"재무상태표, 유동/비유동법-연결재무제표",[032350],롯데관광개발,유가증권시장상장법인,752,여행사 및 기타 여행보조 서비스업,12,2021-06-30,반기보고서,KRW,dart_CapitalSurplus,자본잉여금,"536,850,243,261","526,344,774,479"
"재무상태표, 유동/비유동법-연결재무제표",[032350],롯데관광개발,유가증권시장상장법인,752,여행사 및 기타 여행보조 서비스업,12,2021-06-30,반기보고서,KRW,dart_OtherComprehensiveIncomeLossAccumulatedAmount,기타포괄손익누계액,"17,902,823,426","13,972,525,542"
"재무상태표, 유동/비유동법-연결재무제표",[032350],롯데관광개발,유가증권시장상장법인,752,여행사 및 기타 여행보조 서비스업,12,2021-06-30,반기보고서,KRW,ifrs-full_RetainedEarnings,결손금,"-444,136,660,002","-345,458,467,900"
"재무상태표, 유동/비유동법-연결재무제표",[032350],롯데관광개발,유가증권시장상장법인,752,여행사 및 기타 여행보조 서비스업,12,2021-06-30,반기보고서,KRW,ifrs-full_NoncontrollingInterests,비지배지분,"-3,519,542,480","-3,396,006,974"
"재무상태표, 유동/비유동법-연결재무제표",[032350],롯데관광개발,유가증권시장상장법인,752,여행사 및 기타 여행보조 서비스업,12,2021-06-30,반기보고서,KRW,ifrs-full_Equity,자본총계,"141,734,695,205","226,100,656,147"
"재무상태표, 유동/비유동법-연결재무제표",[032350],롯데관광개발,유가증권시장상장법인,752,여행사 및 기타 여행보조 서비스업,12,2021-06-30,반기보고서,KRW,ifrs-full_EquityAndLiabilities,자본과부채총계,"1,103,675,597,297","1,198,450,486,219"
"재무상태표, 유동/비유동법-연결재무제표",[080160],모두투어,코스닥시장상장법인,752,여행사 및 기타 여행보조 서비스업,12,2021-06-30,반기보고서,KRW,ifrs-full_AssetsAbstract,자산 [abstract],,
"재무상태표, 유동/비유동법-연결재무제표",[080160],모두투어,코스닥시장상장법인,752,여행사 및 기타 여행보조 서비스업,12,2021-06-30,반기보고서,KRW,ifrs-full_CurrentAssets,유동자산,"86,182,119,160","86,578,938,034"
"재무상태표, 유동/비유동법-연결재무제표",[080160],모두투어,코스닥시장상장법인,752,여행사 및 기타 여행보조 서비스업,12,2021-06-30,반기보고서,KRW,ifrs-full_CashAndCashEquivalents,현금및현금성자산,"23,347,169,944","13,162,239,247"
"재무상태표, 유동/비유동법-연결재무제표",[080160],모두투어,코스닥시장상장법인,752,여행사 및 기타 여행보조 서비스업,12,2021-06-30,반기보고서,KRW,dart_ShortTermDepositsNotClassifiedAsCashEquivalents,단기금융상품,"51,122,034,260","64,754,601,521"
"재무상태표, 유동/비유동법-연결재무제표",[080160],모두투어,코스닥시장상장법인,752,여행사 및 기타 여행보조 서비스업,12,2021-06-30,반기보고서,KRW,ifrs-full_TradeAndOtherCurrentReceivables,매출채권및기타채권,"8,180,254,379","4,848,161,750"
"재무상태표, 유동/비유동법-연결재무제표",[080160],모두투어,코스닥시장상장법인,752,여행사 및 기타 여행보조 서비스업,12,2021-06-30,반기보고서,KRW,entity00456218_udf_BS_202151218487851_CurrentAssets,리스채권,"717,482,089","406,437,413"
"재무상태표, 유동/비유동법-연결재무제표",[080160],모두투어,코스닥시장상장법인,752,여행사 및 기타 여행보조 서비스업,12,2021-06-30,반기보고서,KRW,ifrs-full_Inventories,재고자산,"1,659,859,611","1,437,222,867"
"재무상태표, 유동/비유동법-연결재무제표",[080160],모두투어,코스닥시장상장법인,752,여행사 및 기타 여행보조 서비스업,12,2021-06-30,반기보고서,KRW,ifrs-full_CurrentTaxAssets,당기법인세자산,"147,719,899","425,198,582"
"재무상태표, 유동/비유동법-연결재무제표",[080160],모두투어,코스닥시장상장법인,752,여행사 및 기타 여행보조 서비스업,12,2021-06-30,반기보고서,KRW,dart_OtherCurrentAssets,기타유동자산,"1,007,598,978","1,545,076,654"
"재무상태표, 유동/비유동법-연결재무제표",[080160],모두투어,코스닥시장상장법인,752,여행사 및 기타 여행보조 서비스업,12,2021-06-30,반기보고서,KRW,ifrs-full_NoncurrentAssets,비유동자산,"155,880,002,366","170,062,067,542"
"재무상태표, 유동/비유동법-연결재무제표",[080160],모두투어,코스닥시장상장법인,752,여행사 및 기타 여행보조 서비스업,12,2021-06-30,반기보고서,KRW,dart_LongTermDepositsNotClassifiedAsCashEquivalents,장기금융상품,"3,354,870,473","12,443,725,000"
"재무상태표, 유동/비유동법-연결재무제표",[080160],모두투어,코스닥시장상장법인,752,여행사 및 기타 여행보조 서비스업,12,2021-06-30,반기보고서,KRW,dart_LongTermTradeAndOtherNonCurrentReceivablesGross,장기성매출채권및기타채권,"2,138,067,596","2,965,118,332"
"재무상태표, 유동/비유동법-연결재무제표",[080160],모두투어,코스닥시장상장법인,752,여행사 및 기타 여행보조 서비스업,12,2021-06-30,반기보고서,KRW,ifrs-full_NoncurrentFinancialAssetsMeasuredAtFairValueThroughOtherComprehensiveIncome,기타포괄손익-공정가치 금융자산,"3,000,000,000","3,000,000,000"
"재무상태표, 유동/비유동법-연결재무제표",[080160],모두투어,코스닥시장상장법인,752,여행사 및 기타 여행보조 서비스업,12,2021-06-30,반기보고서,KRW,ifrs-full_NoncurrentFinancialAssetsAtFairValueThroughProfitOrLossDesignatedUponInitialRecognition,당기손익-공정가치금융자산,"8,883,715,000","8,834,250,000"
"재무상태표, 유동/비유동법-연결재무제표",[080160],모두투어,코스닥시장상장법인,752,여행사 및 기타 여행보조 서비스업,12,2021-06-30,반기보고서,KRW,ifrs-full_InvestmentsInAssociates,관계기업투자,"1,043,625,062","1,093,709,008"
"재무상태표, 유동/비유동법-연결재무제표",[080160],모두투어,코스닥시장상장법인,752,여행사 및 기타 여행보조 서비스업,12,2021-06-30,반기보고서,KRW,ifrs-full_PropertyPlantAndEquipment,유형자산,"132,966,522,503","136,066,649,735"
"재무상태표, 유동/비유동법-연결재무제표",[080160],모두투어,코스닥시장상장법인,752,여행사 및 기타 여행보조 서비스업,12,2021-06-30,반기보고서,KRW,ifrs-full_InvestmentProperty,투자부동산,,"2,448,628,190"
"재무상태표, 유동/비유동법-연결재무제표",[080160],모두투어,코스닥시장상장법인,752,여행사 및 기타 여행보조 서비스업,12,2021-06-30,반기보고서,KRW,ifrs-full_IntangibleAssetsOtherThanGoodwill,영업권 이외의 무형자산,"94,719,513","338,733,910"
"재무상태표, 유동/비유동법-연결재무제표",[080160],모두투어,코스닥시장상장법인,752,여행사 및 기타 여행보조 서비스업,12,2021-06-30,반기보고서,KRW,entity00456218_udf_BS_2021512193325615_NoncurrentAssets,장기리스채권,,"55,560,476"
"재무상태표, 유동/비유동법-연결재무제표",[080160],모두투어,코스닥시장상장법인,752,여행사 및 기타 여행보조 서비스업,12,2021-06-30,반기보고서,KRW,dart_OtherNonCurrentAssets,기타비유동자산,"40,454,727","44,843,414"
"재무상태표, 유동/비유동법-연결재무제표",[080160],모두투어,코스닥시장상장법인,752,여행사 및 기타 여행보조 서비스업,12,2021-06-30,반기보고서,KRW,ifrs-full_DeferredTaxAssets,이연법인세자산,"4,358,027,492","2,770,849,477"
"재무상태표, 유동/비유동법-연결재무제표",[080160],모두투어,코스닥시장상장법인,752,여행사 및 기타 여행보조 서비스업,12,2021-06-30,반기보고서,KRW,ifrs-full_Assets,자산총계,"242,062,121,526","256,641,005,576"
"재무상태표, 유동/비유동법-연결재무제표",[080160],모두투어,코스닥시장상장법인,752,여행사 및 기타 여행보조 서비스업,12,2021-06-30,반기보고서,KRW,ifrs-full_LiabilitiesAbstract,부채 [abstract],,
"재무상태표, 유동/비유동법-연결재무제표",[080160],모두투어,코스닥시장상장법인,752,여행사 및 기타 여행보조 서비스업,12,2021-06-30,반기보고서,KRW,ifrs-full_CurrentLiabilities,유동부채,"97,880,552,426","60,584,988,244"
"재무상태표, 유동/비유동법-연결재무제표",[080160],모두투어,코스닥시장상장법인,752,여행사 및 기타 여행보조 서비스업,12,2021-06-30,반기보고서,KRW,ifrs-full_TradeAndOtherCurrentPayables,매입채무 및 기타채무,"13,195,512,493","19,885,117,216"
"재무상태표, 유동/비유동법-연결재무제표",[080160],모두투어,코스닥시장상장법인,752,여행사 및 기타 여행보조 서비스업,12,2021-06-30,반기보고서,KRW,entity00456218_udf_BS_2021512193538191_CurrentLiabilities,여행수탁금,"16,049,447","917,789,381"
"재무상태표, 유동/비유동법-연결재무제표",[080160],모두투어,코스닥시장상장법인,752,여행사 및 기타 여행보조 서비스업,12,2021-06-30,반기보고서,KRW,dart_ShortTermAdvancesCustomers,선수금,"6,146,637,982","6,211,570,425"
"재무상태표, 유동/비유동법-연결재무제표",[080160],모두투어,코스닥시장상장법인,752,여행사 및 기타 여행보조 서비스업,12,2021-06-30,반기보고서,KRW,ifrs-full_ShorttermBorrowings,단기차입금,,"400,000,000"
"재무상태표, 유동/비유동법-연결재무제표",[080160],모두투어,코스닥시장상장법인,752,여행사 및 기타 여행보조 서비스업,12,2021-06-30,반기보고서,KRW,ifrs-full_CurrentPortionOfLongtermBorrowings,유동성장기차입금,"47,423,981,629","1,820,557,214"
"재무상태표, 유동/비유동법-연결재무제표",[080160],모두투어,코스닥시장상장법인,752,여행사 및 기타 여행보조 서비스업,12,2021-06-30,반기보고서,KRW,dart_CurrentPortionOfBonds,유동성사채,"17,156,492,297","16,500,516,575"
"재무상태표, 유동/비유동법-연결재무제표",[080160],모두투어,코스닥시장상장법인,752,여행사 및 기타 여행보조 서비스업,12,2021-06-30,반기보고서,KRW,entity00456218_udf_BS_2021512193940723_CurrentLiabilities,통화스왑부채,"53,458,287","802,417,506"
"재무상태표, 유동/비유동법-연결재무제표",[080160],모두투어,코스닥시장상장법인,752,여행사 및 기타 여행보조 서비스업,12,2021-06-30,반기보고서,KRW,dart_CurrentDerivativeLiabilities,파생상품부채,"173,669,064",
"재무상태표, 유동/비유동법-연결재무제표",[080160],모두투어,코스닥시장상장법인,752,여행사 및 기타 여행보조 서비스업,12,2021-06-30,반기보고서,KRW,dart_CurrentFinancialGuaranteeLiabilities,금융보증부채,"1,635,985",
"재무상태표, 유동/비유동법-연결재무제표",[080160],모두투어,코스닥시장상장법인,752,여행사 및 기타 여행보조 서비스업,12,2021-06-30,반기보고서,KRW,ifrs-full_OtherCurrentFinancialLiabilities,기타유동금융부채,"1,494,800,005","1,717,800,005"
"재무상태표, 유동/비유동법-연결재무제표",[080160],모두투어,코스닥시장상장법인,752,여행사 및 기타 여행보조 서비스업,12,2021-06-30,반기보고서,KRW,ifrs-full_CurrentTaxLiabilities,당기법인세부채,"406,041,478","24,495,773"
"재무상태표, 유동/비유동법-연결재무제표",[080160],모두투어,코스닥시장상장법인,752,여행사 및 기타 여행보조 서비스업,12,2021-06-30,반기보고서,KRW,ifrs-full_CurrentLeaseLiabilities,리스부채,"3,718,716,198","4,032,790,584"
"재무상태표, 유동/비유동법-연결재무제표",[080160],모두투어,코스닥시장상장법인,752,여행사 및 기타 여행보조 서비스업,12,2021-06-30,반기보고서,KRW,ifrs-full_CurrentProvisions,충당부채,"294,647,851","295,524,147"
"재무상태표, 유동/비유동법-연결재무제표",[080160],모두투어,코스닥시장상장법인,752,여행사 및 기타 여행보조 서비스업,12,2021-06-30,반기보고서,KRW,dart_OtherCurrentLiabilities,기타유동부채,"7,798,909,710","7,976,409,418"
"재무상태표, 유동/비유동법-연결재무제표",[080160],모두투어,코스닥시장상장법인,752,여행사 및 기타 여행보조 서비스업,12,2021-06-30,반기보고서,KRW,ifrs-full_NoncurrentLiabilities,비유동부채,"67,280,205,900","115,355,693,510"
"재무상태표, 유동/비유동법-연결재무제표",[080160],모두투어,코스닥시장상장법인,752,여행사 및 기타 여행보조 서비스업,12,2021-06-30,반기보고서,KRW,dart_LongTermBorrowingsGross,장기차입금,"14,875,084,424","60,478,563,874"
"재무상태표, 유동/비유동법-연결재무제표",[080160],모두투어,코스닥시장상장법인,752,여행사 및 기타 여행보조 서비스업,12,2021-06-30,반기보고서,KRW,dart_NonCurrentDerivativeLiabilities,파생상품부채,,"330,375,989"
"재무상태표, 유동/비유동법-연결재무제표",[080160],모두투어,코스닥시장상장법인,752,여행사 및 기타 여행보조 서비스업,12,2021-06-30,반기보고서,KRW,ifrs-full_OtherNoncurrentFinancialLiabilities,기타비유동금융부채,"80,000,000","256,400,000"
"재무상태표, 유동/비유동법-연결재무제표",[080160],모두투어,코스닥시장상장법인,752,여행사 및 기타 여행보조 서비스업,12,2021-06-30,반기보고서,KRW,ifrs-full_NoncurrentLeaseLiabilities,장기리스부채,"48,636,010,953","50,586,973,057"
"재무상태표, 유동/비유동법-연결재무제표",[080160],모두투어,코스닥시장상장법인,752,여행사 및 기타 여행보조 서비스업,12,2021-06-30,반기보고서,KRW,dart_PresentValueOfDefinedBenefitObligation,확정급여부채,"2,789,389,770","2,856,911,670"
"재무상태표, 유동/비유동법-연결재무제표",[080160],모두투어,코스닥시장상장법인,752,여행사 및 기타 여행보조 서비스업,12,2021-06-30,반기보고서,KRW,ifrs-full_NoncurrentProvisionsForEmployeeBenefits,장기종업원급여부채,"871,242,738","818,450,200"
"재무상태표, 유동/비유동법-연결재무제표",[080160],모두투어,코스닥시장상장법인,752,여행사 및 기타 여행보조 서비스업,12,2021-06-30,반기보고서,KRW,ifrs-full_NoncurrentProvisions,충당부채,"28,478,015","28,018,720"
"재무상태표, 유동/비유동법-연결재무제표",[080160],모두투어,코스닥시장상장법인,752,여행사 및 기타 여행보조 서비스업,12,2021-06-30,반기보고서,KRW,ifrs-full_Liabilities,부채총계,"165,160,758,326","175,940,681,754"
"재무상태표, 유동/비유동법-연결재무제표",[080160],모두투어,코스닥시장상장법인,752,여행사 및 기타 여행보조 서비스업,12,2021-06-30,반기보고서,KRW,ifrs-full_EquityAbstract,자본 [abstract],,
"재무상태표, 유동/비유동법-연결재무제표",[080160],모두투어,코스닥시장상장법인,752,여행사 및 기타 여행보조 서비스업,12,2021-06-30,반기보고서,KRW,ifrs-full_EquityAttributableToOwnersOfParent,지배기업 소유주지분,"45,934,056,635","52,490,932,184"
"재무상태표, 유동/비유동법-연결재무제표",[080160],모두투어,코스닥시장상장법인,752,여행사 및 기타 여행보조 서비스업,12,2021-06-30,반기보고서,KRW,ifrs-full_IssuedCapital,자본금,"9,450,000,000","9,450,000,000"
"재무상태표, 유동/비유동법-연결재무제표",[080160],모두투어,코스닥시장상장법인,752,여행사 및 기타 여행보조 서비스업,12,2021-06-30,반기보고서,KRW,ifrs-full_SharePremium,주식발행초과금,"24,591,404,578","24,591,404,578"
"재무상태표, 유동/비유동법-연결재무제표",[080160],모두투어,코스닥시장상장법인,752,여행사 및 기타 여행보조 서비스업,12,2021-06-30,반기보고서,KRW,ifrs-full_TreasuryShares,자기주식,"33,394,758,020","33,394,758,020"
"재무상태표, 유동/비유동법-연결재무제표",[080160],모두투어,코스닥시장상장법인,752,여행사 및 기타 여행보조 서비스업,12,2021-06-30,반기보고서,KRW,ifrs-full_RetainedEarnings,이익잉여금,"40,765,771,674","47,336,393,735"
"재무상태표, 유동/비유동법-연결재무제표",[080160],모두투어,코스닥시장상장법인,752,여행사 및 기타 여행보조 서비스업,12,2021-06-30,반기보고서,KRW,dart_ElementsOfOtherStockholdersEquity,기타자본항목,"4,521,638,403","4,507,891,891"
"재무상태표, 유동/비유동법-연결재무제표",[080160],모두투어,코스닥시장상장법인,752,여행사 및 기타 여행보조 서비스업,12,2021-06-30,반기보고서,KRW,ifrs-full_NoncontrollingInterests,비지배지분,"30,967,306,565","28,209,391,638"
"재무상태표, 유동/비유동법-연결재무제표",[080160],모두투어,코스닥시장상장법인,752,여행사 및 기타 여행보조 서비스업,12,2021-06-30,반기보고서,KRW,ifrs-full_Equity,자본총계,"76,901,363,200","80,700,323,822"
"재무상태표, 유동/비유동법-연결재무제표",[080160],모두투어,코스닥시장상장법인,752,여행사 및 기타 여행보조 서비스업,12,2021-06-30,반기보고서,KRW,ifrs-full_EquityAndLiabilities,자본과부채총계,"242,062,121,526","256,641,005,576"
"재무상태표, 유동/비유동법-연결재무제표",[039310],세중,코스닥시장상장법인,752,여행사 및 기타 여행보조 서비스업,12,2021-06-30,반기보고서,KRW,ifrs-full_AssetsAbstract,자산 [abstract],,
"재무상태표, 유동/비유동법-연결재무제표",[039310],세중,코스닥시장상장법인,752,여행사 및 기타 여행보조 서비스업,12,2021-06-30,반기보고서,KRW,ifrs-full_CurrentAssets,유동자산,"92,311,130,141","73,540,291,657"
"재무상태표, 유동/비유동법-연결재무제표",[039310],세중,코스닥시장상장법인,752,여행사 및 기타 여행보조 서비스업,12,2021-06-30,반기보고서,KRW,ifrs-full_CashAndCashEquivalents,현금및현금성자산,"26,366,162,732","20,375,744,164"
"재무상태표, 유동/비유동법-연결재무제표",[039310],세중,코스닥시장상장법인,752,여행사 및 기타 여행보조 서비스업,12,2021-06-30,반기보고서,KRW,dart_ShortTermDepositsNotClassifiedAsCashEquivalents,단기금융상품,"25,293,499,346","25,397,627,899"
"재무상태표, 유동/비유동법-연결재무제표",[039310],세중,코스닥시장상장법인,752,여행사 및 기타 여행보조 서비스업,12,2021-06-30,반기보고서,KRW,dart_ShortTermLoans,단기대여금,"363,195,554","319,000,000"
"재무상태표, 유동/비유동법-연결재무제표",[039310],세중,코스닥시장상장법인,752,여행사 및 기타 여행보조 서비스업,12,2021-06-30,반기보고서,KRW,dart_ShortTermTradeReceivable,매출채권,"29,116,837,036","16,019,330,905"
"재무상태표, 유동/비유동법-연결재무제표",[039310],세중,코스닥시장상장법인,752,여행사 및 기타 여행보조 서비스업,12,2021-06-30,반기보고서,KRW,dart_ShortTermOtherReceivables,미수금,"3,210,510,266","2,588,704,197"
"재무상태표, 유동/비유동법-연결재무제표",[039310],세중,코스닥시장상장법인,752,여행사 및 기타 여행보조 서비스업,12,2021-06-30,반기보고서,KRW,entity00264671_udf_BS_20195716536792_CurrentAssets,미수대매금,"971,148,137","1,155,947,232"
"재무상태표, 유동/비유동법-연결재무제표",[039310],세중,코스닥시장상장법인,752,여행사 및 기타 여행보조 서비스업,12,2021-06-30,반기보고서,KRW,dart_ShortTermAccruedIncome,미수수익,"76,887,312","174,451,903"
"재무상태표, 유동/비유동법-연결재무제표",[039310],세중,코스닥시장상장법인,752,여행사 및 기타 여행보조 서비스업,12,2021-06-30,반기보고서,KRW,dart_ShortTermAdvancePayments,선급금,"3,716,577,600","2,647,416,788"
"재무상태표, 유동/비유동법-연결재무제표",[039310],세중,코스닥시장상장법인,752,여행사 및 기타 여행보조 서비스업,12,2021-06-30,반기보고서,KRW,ifrs-full_Inventories,재고자산,"3,131,373,534","4,610,775,470"
"재무상태표, 유동/비유동법-연결재무제표",[039310],세중,코스닥시장상장법인,752,여행사 및 기타 여행보조 서비스업,12,2021-06-30,반기보고서,KRW,ifrs-full_CurrentTaxAssets,당기법인세자산,"31,597,654",
"재무상태표, 유동/비유동법-연결재무제표",[039310],세중,코스닥시장상장법인,752,여행사 및 기타 여행보조 서비스업,12,2021-06-30,반기보고서,KRW,dart_OtherCurrentAssets,기타유동자산,"33,340,970","251,293,099"
"재무상태표, 유동/비유동법-연결재무제표",[039310],세중,코스닥시장상장법인,752,여행사 및 기타 여행보조 서비스업,12,2021-06-30,반기보고서,KRW,ifrs-full_NoncurrentAssets,비유동자산,"44,652,516,845","45,532,656,284"
"재무상태표, 유동/비유동법-연결재무제표",[039310],세중,코스닥시장상장법인,752,여행사 및 기타 여행보조 서비스업,12,2021-06-30,반기보고서,KRW,dart_LongTermDepositsNotClassifiedAsCashEquivalents,장기금융상품,"4,770,463,520","4,609,791,893"
"재무상태표, 유동/비유동법-연결재무제표",[039310],세중,코스닥시장상장법인,752,여행사 및 기타 여행보조 서비스업,12,2021-06-30,반기보고서,KRW,dart_NonCurrentAvailableForSaleFinancialAssets,당기손익-공정가치측정금융자산,"2,265,051,844","2,693,910,813"
"재무상태표, 유동/비유동법-연결재무제표",[039310],세중,코스닥시장상장법인,752,여행사 및 기타 여행보조 서비스업,12,2021-06-30,반기보고서,KRW,ifrs-full_InvestmentProperty,투자부동산,"11,256,723,531",
"재무상태표, 유동/비유동법-연결재무제표",[039310],세중,코스닥시장상장법인,752,여행사 및 기타 여행보조 서비스업,12,2021-06-30,반기보고서,KRW,ifrs-full_PropertyPlantAndEquipment,유형자산,"20,288,410,545","31,803,838,815"
"재무상태표, 유동/비유동법-연결재무제표",[039310],세중,코스닥시장상장법인,752,여행사 및 기타 여행보조 서비스업,12,2021-06-30,반기보고서,KRW,ifrs-full_RightofuseAssets,사용권자산,"33,034,640","51,721,586"
"재무상태표, 유동/비유동법-연결재무제표",[039310],세중,코스닥시장상장법인,752,여행사 및 기타 여행보조 서비스업,12,2021-06-30,반기보고서,KRW,dart_OtherIntangibleAssetsGross,무형자산,"3,700,133,513","3,832,556,979"
"재무상태표, 유동/비유동법-연결재무제표",[039310],세중,코스닥시장상장법인,752,여행사 및 기타 여행보조 서비스업,12,2021-06-30,반기보고서,KRW,dart_LongTermLoansGross,장기대여금,"488,004,446","558,600,000"
"재무상태표, 유동/비유동법-연결재무제표",[039310],세중,코스닥시장상장법인,752,여행사 및 기타 여행보조 서비스업,12,2021-06-30,반기보고서,KRW,dart_LongTermTradeReceivablesGross,장기매출채권,"37,264,070","172,959,313"
"재무상태표, 유동/비유동법-연결재무제표",[039310],세중,코스닥시장상장법인,752,여행사 및 기타 여행보조 서비스업,12,2021-06-30,반기보고서,KRW,ifrs-full_DeferredTaxAssets,이연법인세자산,"1,568,837,779","1,568,837,779"
"재무상태표, 유동/비유동법-연결재무제표",[039310],세중,코스닥시장상장법인,752,여행사 및 기타 여행보조 서비스업,12,2021-06-30,반기보고서,KRW,dart_OtherNonCurrentAssets,보증금,"244,592,957","240,439,106"
"재무상태표, 유동/비유동법-연결재무제표",[039310],세중,코스닥시장상장법인,752,여행사 및 기타 여행보조 서비스업,12,2021-06-30,반기보고서,KRW,ifrs-full_Assets,자산총계,"136,963,646,986","119,072,947,941"
"재무상태표, 유동/비유동법-연결재무제표",[039310],세중,코스닥시장상장법인,752,여행사 및 기타 여행보조 서비스업,12,2021-06-30,반기보고서,KRW,ifrs-full_LiabilitiesAbstract,부채 [abstract],,
"재무상태표, 유동/비유동법-연결재무제표",[039310],세중,코스닥시장상장법인,752,여행사 및 기타 여행보조 서비스업,12,2021-06-30,반기보고서,KRW,ifrs-full_CurrentLiabilities,유동부채,"37,507,934,117","21,850,469,228"
"재무상태표, 유동/비유동법-연결재무제표",[039310],세중,코스닥시장상장법인,752,여행사 및 기타 여행보조 서비스업,12,2021-06-30,반기보고서,KRW,dart_ShortTermTradePayables,매입채무,"20,742,979,125","11,391,029,257"
"재무상태표, 유동/비유동법-연결재무제표",[039310],세중,코스닥시장상장법인,752,여행사 및 기타 여행보조 서비스업,12,2021-06-30,반기보고서,KRW,dart_ShortTermOtherPayables,미지급금,"2,758,459,395","2,684,831,610"
"재무상태표, 유동/비유동법-연결재무제표",[039310],세중,코스닥시장상장법인,752,여행사 및 기타 여행보조 서비스업,12,2021-06-30,반기보고서,KRW,dart_ShortTermAccruedExpenses,미지급비용,"506,797,532","507,419,435"
"재무상태표, 유동/비유동법-연결재무제표",[039310],세중,코스닥시장상장법인,752,여행사 및 기타 여행보조 서비스업,12,2021-06-30,반기보고서,KRW,ifrs-full_CurrentPortionOfLongtermBorrowings,유동성리스부채,"19,686,154","26,646,197"
"재무상태표, 유동/비유동법-연결재무제표",[039310],세중,코스닥시장상장법인,752,여행사 및 기타 여행보조 서비스업,12,2021-06-30,반기보고서,KRW,dart_ShortTermWithholdings,예수금,"3,925,913,677","2,983,732,366"
"재무상태표, 유동/비유동법-연결재무제표",[039310],세중,코스닥시장상장법인,752,여행사 및 기타 여행보조 서비스업,12,2021-06-30,반기보고서,KRW,dart_ShortTermAdvancesCustomers,선수금,"4,440,375,014","2,679,691,560"
"재무상태표, 유동/비유동법-연결재무제표",[039310],세중,코스닥시장상장법인,752,여행사 및 기타 여행보조 서비스업,12,2021-06-30,반기보고서,KRW,dart_OtherCurrentLiabilities,기타유동부채,"5,113,723,220","1,577,118,803"
"재무상태표, 유동/비유동법-연결재무제표",[039310],세중,코스닥시장상장법인,752,여행사 및 기타 여행보조 서비스업,12,2021-06-30,반기보고서,KRW,ifrs-full_NoncurrentLiabilities,비유동부채,"15,126,475,563","14,745,812,890"
"재무상태표, 유동/비유동법-연결재무제표",[039310],세중,코스닥시장상장법인,752,여행사 및 기타 여행보조 서비스업,12,2021-06-30,반기보고서,KRW,dart_LongTermBorrowingsGross,장기차입금,"10,000,000,000","10,000,000,000"
"재무상태표, 유동/비유동법-연결재무제표",[039310],세중,코스닥시장상장법인,752,여행사 및 기타 여행보조 서비스업,12,2021-06-30,반기보고서,KRW,ifrs-full_NoncurrentLeaseLiabilities,비유동리스부채,"13,078,243","19,508,897"
"재무상태표, 유동/비유동법-연결재무제표",[039310],세중,코스닥시장상장법인,752,여행사 및 기타 여행보조 서비스업,12,2021-06-30,반기보고서,KRW,dart_PostemploymentBenefitObligations,퇴직급여부채,"1,019,308,480","632,215,153"
"재무상태표, 유동/비유동법-연결재무제표",[039310],세중,코스닥시장상장법인,752,여행사 및 기타 여행보조 서비스업,12,2021-06-30,반기보고서,KRW,dart_OtherNonCurrentLiabilities,기타비유동부채,"4,094,088,840","4,094,088,840"
"재무상태표, 유동/비유동법-연결재무제표",[039310],세중,코스닥시장상장법인,752,여행사 및 기타 여행보조 서비스업,12,2021-06-30,반기보고서,KRW,ifrs-full_Liabilities,부채총계,"52,634,409,680","36,596,282,118"
"재무상태표, 유동/비유동법-연결재무제표",[039310],세중,코스닥시장상장법인,752,여행사 및 기타 여행보조 서비스업,12,2021-06-30,반기보고서,KRW,ifrs-full_EquityAbstract,자본 [abstract],,
"재무상태표, 유동/비유동법-연결재무제표",[039310],세중,코스닥시장상장법인,752,여행사 및 기타 여행보조 서비스업,12,2021-06-30,반기보고서,KRW,ifrs-full_EquityAttributableToOwnersOfParent,지배기업의 소유주에게 귀속되는 자본,"84,328,054,025","81,654,294,142"
"재무상태표, 유동/비유동법-연결재무제표",[039310],세중,코스닥시장상장법인,752,여행사 및 기타 여행보조 서비스업,12,2021-06-30,반기보고서,KRW,ifrs-full_IssuedCapital,자본금,"9,060,833,500","9,060,833,500"
"재무상태표, 유동/비유동법-연결재무제표",[039310],세중,코스닥시장상장법인,752,여행사 및 기타 여행보조 서비스업,12,2021-06-30,반기보고서,KRW,ifrs-full_SharePremium,주식발행초과금,"18,703,970,728","18,703,970,728"
"재무상태표, 유동/비유동법-연결재무제표",[039310],세중,코스닥시장상장법인,752,여행사 및 기타 여행보조 서비스업,12,2021-06-30,반기보고서,KRW,ifrs-full_RetainedEarnings,이익잉여금(결손금),"61,168,535,064","58,529,716,357"
"재무상태표, 유동/비유동법-연결재무제표",[039310],세중,코스닥시장상장법인,752,여행사 및 기타 여행보조 서비스업,12,2021-06-30,반기보고서,KRW,dart_ElementsOfOtherStockholdersEquity,기타자본항목,"-4,605,285,267","-4,640,226,443"
"재무상태표, 유동/비유동법-연결재무제표",[039310],세중,코스닥시장상장법인,752,여행사 및 기타 여행보조 서비스업,12,2021-06-30,반기보고서,KRW,ifrs-full_NoncontrollingInterests,비지배지분,"1,183,281","822,371,681"
"재무상태표, 유동/비유동법-연결재무제표",[039310],세중,코스닥시장상장법인,752,여행사 및 기타 여행보조 서비스업,12,2021-06-30,반기보고서,KRW,ifrs-full_Equity,자본총계,"84,329,237,306","82,476,665,823"
"재무상태표, 유동/비유동법-연결재무제표",[039310],세중,코스닥시장상장법인,752,여행사 및 기타 여행보조 서비스업,12,2021-06-30,반기보고서,KRW,ifrs-full_EquityAndLiabilities,자본과부채총계,"136,963,646,986","119,072,947,941"
"재무상태표, 유동/비유동법-연결재무제표",[039130],하나투어,유가증권시장상장법인,752,여행사 및 기타 여행보조 서비스업,12,2021-06-30,반기보고서,KRW,ifrs-full_AssetsAbstract,자산 [abstract],,
"재무상태표, 유동/비유동법-연결재무제표",[039130],하나투어,유가증권시장상장법인,752,여행사 및 기타 여행보조 서비스업,12,2021-06-30,반기보고서,KRW,ifrs-full_CurrentAssets,유동자산,"257,227,496,613","208,325,755,978"
"재무상태표, 유동/비유동법-연결재무제표",[039130],하나투어,유가증권시장상장법인,752,여행사 및 기타 여행보조 서비스업,12,2021-06-30,반기보고서,KRW,ifrs-full_CashAndCashEquivalents,현금및현금성자산,"65,012,294,193","101,851,024,829"
"재무상태표, 유동/비유동법-연결재무제표",[039130],하나투어,유가증권시장상장법인,752,여행사 및 기타 여행보조 서비스업,12,2021-06-30,반기보고서,KRW,dart_ShortTermDepositsNotClassifiedAsCashEquivalents,단기금융상품,"11,806,222,742","18,114,794,089"
"재무상태표, 유동/비유동법-연결재무제표",[039130],하나투어,유가증권시장상장법인,752,여행사 및 기타 여행보조 서비스업,12,2021-06-30,반기보고서,KRW,entity00269940_udf_BS_202185143340161_CurrentAssets,당기손익-공정가치측정금융자산,0,"236,154,014"
"재무상태표, 유동/비유동법-연결재무제표",[039130],하나투어,유가증권시장상장법인,752,여행사 및 기타 여행보조 서비스업,12,2021-06-30,반기보고서,KRW,dart_ShortTermTradeReceivable,매출채권,"11,910,759,036","9,315,224,561"
"재무상태표, 유동/비유동법-연결재무제표",[039130],하나투어,유가증권시장상장법인,752,여행사 및 기타 여행보조 서비스업,12,2021-06-30,반기보고서,KRW,ifrs-full_TradeAndOtherCurrentReceivables,기타채권,"9,375,682,341","9,169,708,688"
"재무상태표, 유동/비유동법-연결재무제표",[039130],하나투어,유가증권시장상장법인,752,여행사 및 기타 여행보조 서비스업,12,2021-06-30,반기보고서,KRW,dart_CurrentFinanceLeaseReceivables,금융리스채권,"2,347,876,539","2,137,718,095"
"재무상태표, 유동/비유동법-연결재무제표",[039130],하나투어,유가증권시장상장법인,752,여행사 및 기타 여행보조 서비스업,12,2021-06-30,반기보고서,KRW,ifrs-full_Inventories,재고자산,"1,630,490,336","2,013,920,067"
"재무상태표, 유동/비유동법-연결재무제표",[039130],하나투어,유가증권시장상장법인,752,여행사 및 기타 여행보조 서비스업,12,2021-06-30,반기보고서,KRW,dart_ShortTermAdvancePayments,선급금,"10,013,165,655","9,797,847,503"
"재무상태표, 유동/비유동법-연결재무제표",[039130],하나투어,유가증권시장상장법인,752,여행사 및 기타 여행보조 서비스업,12,2021-06-30,반기보고서,KRW,dart_OtherCurrentAssets,기타유동자산,"3,313,293,082","3,529,004,179"
"재무상태표, 유동/비유동법-연결재무제표",[039130],하나투어,유가증권시장상장법인,752,여행사 및 기타 여행보조 서비스업,12,2021-06-30,반기보고서,KRW,ifrs-full_OtherCurrentFinancialAssets,기타금융자산,"3,850,186,476","5,123,578,497"
"재무상태표, 유동/비유동법-연결재무제표",[039130],하나투어,유가증권시장상장법인,752,여행사 및 기타 여행보조 서비스업,12,2021-06-30,반기보고서,KRW,ifrs-full_CurrentTaxAssets,당기법인세자산,"252,562,138","633,823,219"
"재무상태표, 유동/비유동법-연결재무제표",[039130],하나투어,유가증권시장상장법인,752,여행사 및 기타 여행보조 서비스업,12,2021-06-30,반기보고서,KRW,ifrs-full_NoncurrentAssetsOrDisposalGroupsClassifiedAsHeldForSaleOrAsHeldForDistributionToOwners,매각예정자산,"137,714,964,075","46,402,958,237"
"재무상태표, 유동/비유동법-연결재무제표",[039130],하나투어,유가증권시장상장법인,752,여행사 및 기타 여행보조 서비스업,12,2021-06-30,반기보고서,KRW,ifrs-full_NoncurrentAssets,비유동자산,"362,031,149,974","494,935,159,196"
"재무상태표, 유동/비유동법-연결재무제표",[039130],하나투어,유가증권시장상장법인,752,여행사 및 기타 여행보조 서비스업,12,2021-06-30,반기보고서,KRW,entity00269940_udf_BS_202185165350987_NoncurrentAssets,당기손익-공정가치측정금융자산,"4,779,550,000","4,529,550,000"
"재무상태표, 유동/비유동법-연결재무제표",[039130],하나투어,유가증권시장상장법인,752,여행사 및 기타 여행보조 서비스업,12,2021-06-30,반기보고서,KRW,ifrs-full_NoncurrentFinancialAssetsMeasuredAtFairValueThroughOtherComprehensiveIncome,기타포괄손익-공정가치측정금융자산,"1,219,505,052","1,207,316,725"
"재무상태표, 유동/비유동법-연결재무제표",[039130],하나투어,유가증권시장상장법인,752,여행사 및 기타 여행보조 서비스업,12,2021-06-30,반기보고서,KRW,ifrs-full_InvestmentsInAssociates,관계기업 및 공동기업투자자산,"1,756,522,793","3,099,867,426"
"재무상태표, 유동/비유동법-연결재무제표",[039130],하나투어,유가증권시장상장법인,752,여행사 및 기타 여행보조 서비스업,12,2021-06-30,반기보고서,KRW,entity00269940_udf_BS_202185165915521_NoncurrentAssets,장기기타채권,"3,219,738,426","1,328,849,727"
"재무상태표, 유동/비유동법-연결재무제표",[039130],하나투어,유가증권시장상장법인,752,여행사 및 기타 여행보조 서비스업,12,2021-06-30,반기보고서,KRW,dart_NoncurrentFinanceLeaseReceivable,장기금융리스채권,"439,567,397","1,336,081,990"
"재무상태표, 유동/비유동법-연결재무제표",[039130],하나투어,유가증권시장상장법인,752,여행사 및 기타 여행보조 서비스업,12,2021-06-30,반기보고서,KRW,ifrs-full_InvestmentProperty,투자부동산,"1,483,802,499","8,498,609,588"
"재무상태표, 유동/비유동법-연결재무제표",[039130],하나투어,유가증권시장상장법인,752,여행사 및 기타 여행보조 서비스업,12,2021-06-30,반기보고서,KRW,ifrs-full_PropertyPlantAndEquipment,유형자산,"14,581,649,517","98,387,080,903"
"재무상태표, 유동/비유동법-연결재무제표",[039130],하나투어,유가증권시장상장법인,752,여행사 및 기타 여행보조 서비스업,12,2021-06-30,반기보고서,KRW,ifrs-full_RightofuseAssets,사용권자산,"229,156,642,180","263,965,044,428"
"재무상태표, 유동/비유동법-연결재무제표",[039130],하나투어,유가증권시장상장법인,752,여행사 및 기타 여행보조 서비스업,12,2021-06-30,반기보고서,KRW,ifrs-full_IntangibleAssetsOtherThanGoodwill,무형자산,"35,773,402,320","41,958,022,647"
"재무상태표, 유동/비유동법-연결재무제표",[039130],하나투어,유가증권시장상장법인,752,여행사 및 기타 여행보조 서비스업,12,2021-06-30,반기보고서,KRW,ifrs-full_OtherNoncurrentFinancialAssets,기타금융자산,"27,323,105,757","28,196,139,991"
"재무상태표, 유동/비유동법-연결재무제표",[039130],하나투어,유가증권시장상장법인,752,여행사 및 기타 여행보조 서비스업,12,2021-06-30,반기보고서,KRW,ifrs-full_DeferredTaxAssets,이연법인세자산,"41,985,910,410","42,376,646,571"
"재무상태표, 유동/비유동법-연결재무제표",[039130],하나투어,유가증권시장상장법인,752,여행사 및 기타 여행보조 서비스업,12,2021-06-30,반기보고서,KRW,dart_OtherNonCurrentAssets,기타비유동자산,"311,753,623","51,949,200"
"재무상태표, 유동/비유동법-연결재무제표",[039130],하나투어,유가증권시장상장법인,752,여행사 및 기타 여행보조 서비스업,12,2021-06-30,반기보고서,KRW,ifrs-full_Assets,자산총계,"619,258,646,587","703,260,915,174"
"재무상태표, 유동/비유동법-연결재무제표",[039130],하나투어,유가증권시장상장법인,752,여행사 및 기타 여행보조 서비스업,12,2021-06-30,반기보고서,KRW,ifrs-full_LiabilitiesAbstract,부채 [abstract],,
"재무상태표, 유동/비유동법-연결재무제표",[039130],하나투어,유가증권시장상장법인,752,여행사 및 기타 여행보조 서비스업,12,2021-06-30,반기보고서,KRW,ifrs-full_CurrentLiabilities,유동부채,"275,064,550,593","173,261,821,793"
"재무상태표, 유동/비유동법-연결재무제표",[039130],하나투어,유가증권시장상장법인,752,여행사 및 기타 여행보조 서비스업,12,2021-06-30,반기보고서,KRW,dart_ShortTermTradePayables,매입채무,"8,365,795,782","7,021,595,682"
"재무상태표, 유동/비유동법-연결재무제표",[039130],하나투어,유가증권시장상장법인,752,여행사 및 기타 여행보조 서비스업,12,2021-06-30,반기보고서,KRW,ifrs-full_TradeAndOtherCurrentPayables,기타채무,"53,897,387,586","61,872,256,124"
"재무상태표, 유동/비유동법-연결재무제표",[039130],하나투어,유가증권시장상장법인,752,여행사 및 기타 여행보조 서비스업,12,2021-06-30,반기보고서,KRW,ifrs-full_CurrentTaxLiabilities,당기법인세부채,"128,104,375","448,133,495"
"재무상태표, 유동/비유동법-연결재무제표",[039130],하나투어,유가증권시장상장법인,752,여행사 및 기타 여행보조 서비스업,12,2021-06-30,반기보고서,KRW,entity00269940_udf_BS_20218517556795_CurrentLiabilities,관광수탁금,"8,505,333,337","6,236,818,548"
"재무상태표, 유동/비유동법-연결재무제표",[039130],하나투어,유가증권시장상장법인,752,여행사 및 기타 여행보조 서비스업,12,2021-06-30,반기보고서,KRW,dart_ShortTermAdvancesCustomers,선수금,"55,085,010,726","26,524,195,408"
"재무상태표, 유동/비유동법-연결재무제표",[039130],하나투어,유가증권시장상장법인,752,여행사 및 기타 여행보조 서비스업,12,2021-06-30,반기보고서,KRW,ifrs-full_ShorttermBorrowings,단기차입금,"23,372,641,269","23,900,151,862"
"재무상태표, 유동/비유동법-연결재무제표",[039130],하나투어,유가증권시장상장법인,752,여행사 및 기타 여행보조 서비스업,12,2021-06-30,반기보고서,KRW,entity00269940_udf_BS_20218517637196_CurrentLiabilities,유동성장기부채,"86,341,383,824","6,816,374,921"
"재무상태표, 유동/비유동법-연결재무제표",[039130],하나투어,유가증권시장상장법인,752,여행사 및 기타 여행보조 서비스업,12,2021-06-30,반기보고서,KRW,dart_CurentPortionOfFinanceLeaseLiabilities,리스부채,"22,726,681,044","22,784,004,321"
"재무상태표, 유동/비유동법-연결재무제표",[039130],하나투어,유가증권시장상장법인,752,여행사 및 기타 여행보조 서비스업,12,2021-06-30,반기보고서,KRW,ifrs-full_CurrentProvisions,충당부채,"2,138,199,637","2,142,207,385"
"재무상태표, 유동/비유동법-연결재무제표",[039130],하나투어,유가증권시장상장법인,752,여행사 및 기타 여행보조 서비스업,12,2021-06-30,반기보고서,KRW,ifrs-full_OtherCurrentFinancialLiabilities,기타금융부채,"2,049,773,291","2,325,019,942"
"재무상태표, 유동/비유동법-연결재무제표",[039130],하나투어,유가증권시장상장법인,752,여행사 및 기타 여행보조 서비스업,12,2021-06-30,반기보고서,KRW,dart_OtherCurrentLiabilities,기타유동부채,"12,454,239,722","13,191,064,105"
"재무상태표, 유동/비유동법-연결재무제표",[039130],하나투어,유가증권시장상장법인,752,여행사 및 기타 여행보조 서비스업,12,2021-06-30,반기보고서,KRW,ifrs-full_NoncurrentLiabilities,비유동부채,"306,574,288,316","404,685,102,441"
"재무상태표, 유동/비유동법-연결재무제표",[039130],하나투어,유가증권시장상장법인,752,여행사 및 기타 여행보조 서비스업,12,2021-06-30,반기보고서,KRW,dart_LongTermTradeAndOtherNonCurrentPayables,장기성기타채무,"5,889,012,177","6,376,511,658"
"재무상태표, 유동/비유동법-연결재무제표",[039130],하나투어,유가증권시장상장법인,752,여행사 및 기타 여행보조 서비스업,12,2021-06-30,반기보고서,KRW,dart_LongTermBorrowingsGross,장기차입금,"14,580,507,390","94,865,825,560"
"재무상태표, 유동/비유동법-연결재무제표",[039130],하나투어,유가증권시장상장법인,752,여행사 및 기타 여행보조 서비스업,12,2021-06-30,반기보고서,KRW,dart_BondsIssued,사채,"202,143,763","311,242,148"
"재무상태표, 유동/비유동법-연결재무제표",[039130],하나투어,유가증권시장상장법인,752,여행사 및 기타 여행보조 서비스업,12,2021-06-30,반기보고서,KRW,ifrs-full_NoncurrentProvisions,장기충당부채,"356,023,307","433,008,159"
"재무상태표, 유동/비유동법-연결재무제표",[039130],하나투어,유가증권시장상장법인,752,여행사 및 기타 여행보조 서비스업,12,2021-06-30,반기보고서,KRW,dart_NonCurrentFinanceLeaseLiabilities,장기리스부채,"283,653,143,542","299,760,033,270"
"재무상태표, 유동/비유동법-연결재무제표",[039130],하나투어,유가증권시장상장법인,752,여행사 및 기타 여행보조 서비스업,12,2021-06-30,반기보고서,KRW,ifrs-full_NoncurrentProvisionsForEmployeeBenefits,장기종업원급여채무,"1,192,294,142","2,316,695,453"
"재무상태표, 유동/비유동법-연결재무제표",[039130],하나투어,유가증권시장상장법인,752,여행사 및 기타 여행보조 서비스업,12,2021-06-30,반기보고서,KRW,ifrs-full_OtherNoncurrentFinancialLiabilities,기타금융부채,"475,680,000","475,680,000"
"재무상태표, 유동/비유동법-연결재무제표",[039130],하나투어,유가증권시장상장법인,752,여행사 및 기타 여행보조 서비스업,12,2021-06-30,반기보고서,KRW,dart_OtherNonCurrentLiabilities,기타비유동부채,"225,483,995","146,106,193"
"재무상태표, 유동/비유동법-연결재무제표",[039130],하나투어,유가증권시장상장법인,752,여행사 및 기타 여행보조 서비스업,12,2021-06-30,반기보고서,KRW,ifrs-full_Liabilities,부채총계,"581,638,838,909","577,946,924,234"
"재무상태표, 유동/비유동법-연결재무제표",[039130],하나투어,유가증권시장상장법인,752,여행사 및 기타 여행보조 서비스업,12,2021-06-30,반기보고서,KRW,ifrs-full_EquityAbstract,자본 [abstract],,
"재무상태표, 유동/비유동법-연결재무제표",[039130],하나투어,유가증권시장상장법인,752,여행사 및 기타 여행보조 서비스업,12,2021-06-30,반기보고서,KRW,ifrs-full_EquityAttributableToOwnersOfParent,지배기업소유주지분,"58,376,226,137","135,039,045,410"
"재무상태표, 유동/비유동법-연결재무제표",[039130],하나투어,유가증권시장상장법인,752,여행사 및 기타 여행보조 서비스업,12,2021-06-30,반기보고서,KRW,ifrs-full_IssuedCapital,자본금,"6,969,592,500","6,969,592,500"
"재무상태표, 유동/비유동법-연결재무제표",[039130],하나투어,유가증권시장상장법인,752,여행사 및 기타 여행보조 서비스업,12,2021-06-30,반기보고서,KRW,dart_CapitalSurplus,기타불입자본,"35,434,174,823","205,366,093,220"
"재무상태표, 유동/비유동법-연결재무제표",[039130],하나투어,유가증권시장상장법인,752,여행사 및 기타 여행보조 서비스업,12,2021-06-30,반기보고서,KRW,dart_ElementsOfOtherStockholdersEquity,기타자본구성요소,"2,756,758,378","2,210,943,984"
"재무상태표, 유동/비유동법-연결재무제표",[039130],하나투어,유가증권시장상장법인,752,여행사 및 기타 여행보조 서비스업,12,2021-06-30,반기보고서,KRW,ifrs-full_RetainedEarnings,이익잉여금(결손금),"13,215,700,436","-79,507,584,294"
"재무상태표, 유동/비유동법-연결재무제표",[039130],하나투어,유가증권시장상장법인,752,여행사 및 기타 여행보조 서비스업,12,2021-06-30,반기보고서,KRW,ifrs-full_NoncontrollingInterests,비지배주주지분,"-20,756,418,459","-9,725,054,470"
"재무상태표, 유동/비유동법-연결재무제표",[039130],하나투어,유가증권시장상장법인,752,여행사 및 기타 여행보조 서비스업,12,2021-06-30,반기보고서,KRW,ifrs-full_Equity,자본총계,"37,619,807,678","125,313,990,940"
"재무상태표, 유동/비유동법-연결재무제표",[039130],하나투어,유가증권시장상장법인,752,여행사 및 기타 여행보조 서비스업,12,2021-06-30,반기보고서,KRW,ifrs-full_EquityAndLiabilities,부채및자본총계,"619,258,646,587","703,260,915,174"